{"0":0.25054229934924077,"1":0.25054229934924077,"2":0.25054229934924077,"3":0.25054229934924077,"4":0.25054229934924077,"5":0.25054229934924077,"6":0.25054229934924077,"7":0.25054229934924077,"8":0.25054229934924077,"9":0.08124369337430419,"10":0.07289465343927555,"11":0.25054229934924077,"12":0.25054229934924077,"13":0.10232493560348356,"14":0.25054229934924077,"15":0.25054229934924077,"16":0.25054229934924077,"17":0.25054229934924077,"18":0.25054229934924077,"19":0.25054229934924077,"20":0.25054229934924077,"21":0.25054229934924077,"22":0.25054229934924077,"23":0.25054229934924077,"24":0.25054229934924077,"25":0.25054229934924077,"26":0.25054229934924077,"27":0.25054229934924077,"28":0.25054229934924077,"29":0.25054229934924077,"30":0.25054229934924077,"31":0.25054229934924077,"32":0.010552765318676568,"33":0.21740922523993186,"34":0.0388324843854477,"35":0.15059743701065284,"36":0.24854218648356785,"37":0.234665889159912,"38":0.16903182266229788,"39":0.19434593889357094,"40":0.20725227062492274,"41":0.20711710798856647,"42":0.249766497253509,"43":0.24166548795018689,"44":0.15093919030488567,"45":0.04838873935233571,"46":0.05782736689359187,"47":0.018484236644312865,"48":0.03850099864880218,"49":0.06941731968751738,"50":0.05272489874762187,"51":0.06308899173553055,"52":0.051994991657172744,"53":0.08629605434072375,"54":0.08925571170500703,"55":0.08853834015644034,"56":0.07666034108103982,"57":0.06686692222860752,"58":0.02411063540572593,"59":0.16615722367587044,"60":0.05676494864881269,"61":0.07142461615973021,"62":0.05674661516094609,"63":0.16259812477559196,"64":0.2484470248051239,"65":0.14382349880397072,"66":0.19260638537097188,"67":0.11930122188353535,"68":0.05752588823515236,"69":0.15814328936566519,"70":0.1498619502340821,"71":0.19264899504275482,"72":0.21088694353486534,"73":0.12586817272121634,"74":0.22862578686949847,"75":0.2285677030988905,"76":0.14772297409991267,"77":0.11295027611148002,"78":0.15465136085573677,"79":0.14736232599254512,"80":0.15000066296016856,"81":0.2386632559608776,"82":0.13463329182282074,"83":0.12127964638734205,"84":0.1493195362504214,"85":0.1365002961798135,"86":0.16361167142698177,"87":0.19972624956137358,"88":0.20588774787985809,"89":0.21755673431290848,"90":0.23922280241480892,"91":0.20883664222604933,"92":0.2498486591714539,"93":0.2085849655242906,"94":0.2504285167074043,"95":0.18154605873869184,"96":0.25046073005186037,"97":0.041440421392066495,"98":0.07510474843127785,"99":0.026377930846468344,"100":0.028953530148895297,"101":0.02964906191771465,"102":0.05103548955403555,"103":0.04958740672003593,"104":0.08340468469354391,"105":0.019436644024263237,"106":0.19466653590616506,"107":0.04557984766391296,"108":0.05007403737750349,"109":0.05647063313424445,"110":0.042458870179357004,"111":0.042672710374436575,"112":0.06667626321375296,"113":0.20753350347577637,"114":0.03343111110355249,"115":0.028252832246793463,"116":0.021597464240855388,"117":0.057095502928824836,"118":0.10581247551624581,"119":0.04023477819966872,"120":0.07800528280918903,"121":0.108228837732407,"122":0.21193312172163015,"123":0.24883551806263252,"124":0.2501315873622923,"125":0.24883530160163836,"126":0.24685763564931842,"127":0.25054229934924077,"128":0.2329252239269456,"129":0.23193060137867438,"130":0.24052013892530236,"131":0.22943165434847063,"132":0.2471437580982934,"133":0.2473189971063497,"134":0.24594597234250687,"135":0.24828709765142432,"136":0.24476637565244638,"137":0.24653498420396044,"138":0.24867945462621774,"139":0.24692395696872263,"140":0.24705613027304876,"141":0.2450949759092512,"142":0.24994388488172772,"143":0.24733181902678578,"144":0.24238448901958928,"145":0.24561594262118416,"146":0.24786260457933845,"147":0.24536507974993918,"148":0.24358754517011355,"149":0.24583380941670013,"150":0.24827639948170693,"151":0.24530606094186727,"152":0.24475179740595382,"153":0.24373973933525883,"154":0.248210292892032,"155":0.2469111215769172,"156":0.2441778502094539,"157":0.24415695856635755,"158":0.24743275067416884,"159":0.24775541545740198,"160":0.24438728652336975,"161":0.24213131479995167,"162":0.2477511198643287,"163":0.2450510765335324,"164":0.24637156559226916,"165":0.24797830014633668,"166":0.2475717470959455,"167":0.2426460100103004,"168":0.244980048967007,"169":0.241010528759476,"170":0.24634570810436857,"171":0.24753752370607696,"172":0.24800865171132716,"173":0.24684755741151834,"174":0.24763047764132787,"175":0.24900058342983208,"176":0.23918621169805088,"177":0.24367244531801932,"178":0.24454473893984324,"179":0.2448064852699057,"180":0.24276113798304005,"181":0.2406384191607871,"182":0.24769151518293,"183":0.24518638366095907,"184":0.23462312715225853,"185":0.24345606176600706,"186":0.24499030307352865,"187":0.2447510644105389,"188":0.24380284122590937,"189":0.2426596362351839,"190":0.24243986750936464,"191":0.24477889636875044,"192":0.25054229934924077,"193":0.25054229934924077,"194":0.24603820675879706,"195":0.23181579563435245,"196":0.24552935195403924,"197":0.248574906314651,"198":0.25024110192389515,"199":0.25054229934924077,"200":0.2504637443652353,"201":0.2505284007969662,"202":0.25054229934924077,"203":0.25053625400799373,"204":0.25054229934924077,"205":0.25054229934924077,"206":0.2377618100292525,"207":0.24568430129859947,"208":0.2220176458231564,"209":0.2359392524647506,"210":0.25035214851047616,"211":0.25054229934924077,"212":0.25054229934924077,"213":0.24080835006488496,"214":0.24744791803415106,"215":0.24075725797294367,"216":0.24403192434665122,"217":0.24549088884885026,"218":0.25054229934924077,"219":0.2504035311234449,"220":0.2505394756762408,"221":0.25054229934924077,"222":0.25054229934924077,"223":0.250531004848179,"224":0.2342754901764423,"225":0.23352511035223877,"226":0.2407139479421874,"227":0.2314859988368593,"228":0.24819737804709813,"229":0.24114698014555042,"230":0.2420856851643372,"231":0.24325057660984215,"232":0.24782999160029104,"233":0.24721863457954726,"234":0.24970078839541487,"235":0.2492735601622944,"236":0.24749399389456322,"237":0.2498081599875698,"238":0.25054229934924077,"239":0.24931363773738321,"240":0.25054229934924077,"241":0.25054229934924077,"242":0.25054229934924077,"243":0.25054229934924077,"244":0.25054229934924077,"245":0.25054229934924077,"246":0.24934417478927343,"247":0.25054229934924077,"248":0.25054229934924077,"249":0.25054229934924077,"250":0.2504487479666749,"251":0.25054229934924077,"252":0.2504350290114526,"253":0.25054229934924077,"254":0.25054229934924077,"255":0.25054229934924077}