{"0":0.6534471859736648,"1":0.07879475398309674,"2":0.02768176249251541,"3":0.03403451605023778,"4":0.020757312204052105,"5":0.018691200675452747,"6":0.02950368077524708,"7":0.03080094719383341,"8":0.016848715316819352,"9":0.03751879592415839,"10":0.01870226841839518,"11":0.006993051726310197,"12":0.009486066170130552,"13":0.05818067658810719,"14":0.0073608680939263645,"15":0.006196544875618586,"16":0.03582125427970322,"17":0.04459795792356346,"18":0.02315719216732935,"19":0.01599518558235307,"20":0.015909820145935265,"21":0.012252099493389991,"22":0.020105041423503448,"23":0.008940503686012173,"24":0.016025202913650248,"25":0.00995839179430544,"26":0.008051349259200619,"27":0.006129429852874189,"28":0.009800691542243525,"29":0.0055272568977017345,"30":0.009174394454730636,"31":0.004585527228078518,"32":0.6857427221240749,"33":0.019491005414931643,"34":0.03378004185165581,"35":0.012798656677146645,"36":0.020751019640584935,"37":0.0061733756856293944,"38":0.006990254791225947,"39":0.008036394976618535,"40":0.017829583489234753,"41":0.014365398990504007,"42":0.006027297235865207,"43":0.0034884020500285267,"44":0.05625988820913233,"45":0.020581974108539076,"46":0.07900073360141016,"47":0.006187712624881408,"48":0.035593168658056965,"49":0.03671151318452957,"50":0.02747559004830284,"51":0.022873078044195142,"52":0.019350062015356263,"53":0.014407403728596226,"54":0.0106364982771677,"55":0.009048699694608931,"56":0.01716811714948097,"57":0.02015655005513283,"58":0.01676404970863395,"59":0.006187608988170717,"60":0.007891272255839528,"61":0.003691221344427204,"62":0.002809677858358869,"63":0.003167103792015584,"64":0.004467396661544434,"65":0.03720827614325051,"66":0.013026288860743977,"67":0.03124158210946877,"68":0.0213039483041123,"69":0.022851129532547573,"70":0.017216937552304707,"71":0.011988181612767433,"72":0.012230976502540496,"73":0.026735265063007826,"74":0.023415410659720262,"75":0.0067532716541110465,"76":0.015955805463169687,"77":0.023959145598988024,"78":0.014773510765730002,"79":0.017665368968960808,"80":0.02021831988960002,"81":0.007203101649399057,"82":0.023856489692977594,"83":0.03378638015445154,"84":0.023182201983280377,"85":0.012249598163191749,"86":0.006084433106313399,"87":0.012780363456475307,"88":0.006110073020504393,"89":0.006203886571608651,"90":0.006490994647929977,"91":0.0028001843750608746,"92":0.006003705651052169,"93":0.006563881624366551,"94":0.00405932287021335,"95":0.018779671822814883,"96":0.006028979789476095,"97":0.2575059400825962,"98":0.04057417639793068,"99":0.12280077672369423,"100":0.13579015258267263,"101":0.3568854577975128,"102":0.07488612540066614,"103":0.0572451363292569,"104":0.11425312711344968,"105":0.22382456224058203,"106":0.007434760608471331,"107":0.01730445869149366,"108":0.14498809812072613,"109":0.08507173440862761,"110":0.22301450455676866,"111":0.23514767279856466,"112":0.07180522141844872,"113":0.00952241027771462,"114":0.21850420624019026,"115":0.19922401960434358,"116":0.26990549273634123,"117":0.10562520143767368,"118":0.03878874580982518,"119":0.04222368016381382,"120":0.017776715984934178,"121":0.04329163367696007,"122":0.008848423861304588,"123":0.003310956459815808,"124":0.008678287478797552,"125":0.004681744480351817,"126":0.00591268110784393,"127":0.0032764850526839254,"128":0.006453480479246996,"129":0.00639234549790594,"130":0.00466802084644905,"131":0.0026052961927591706,"132":0.005490102515618199,"133":0.00281877370441908,"134":0.003775143537921668,"135":0.00448890198290596,"136":0.005443830061994127,"137":0.0027953710085468946,"138":0.004138414581545565,"139":0.0026850716353464484,"140":0.0029771877291052276,"141":0.0026717394819085996,"142":0.0024209298158514104,"143":0.002477877283502426,"144":0.005552958636270099,"145":0.0028276875567948534,"146":0.0018369958500045515,"147":0.0029301854398751906,"148":0.013204002209251673,"149":9.172072344589444E-4,"150":0.004097718704530754,"151":0.0019799098733246875,"152":0.002396918202387623,"153":0.00965903963804692,"154":0.0073460545015316455,"155":0.004886226093045934,"156":0.007450744527243053,"157":0.001593161631403093,"158":0.0016904380505317384,"159":0.0027050862005419795,"160":0.001988763508967215,"161":0.003085729687656991,"162":0.0018645203060182595,"163":0.0034244195029779494,"164":0.0024618399789412744,"165":0.0032112971507126443,"166":0.001237193431473254,"167":0.0011609505162449535,"168":0.004336501065117275,"169":0.001684981321738617,"170":0.004626102785173636,"171":0.0034232798780493225,"172":0.006746427015926952,"173":0.001320919857947902,"174":0.001399342255445514,"175":9.069178266493514E-4,"176":0.0019858931358199172,"177":0.003014817493034374,"178":0.002164987007673401,"179":0.002468874654276949,"180":0.0018936048943978183,"181":0.007234127026199953,"182":0.0021952986695446207,"183":0.002465900782988082,"184":0.004627369207557378,"185":0.002641053656521208,"186":0.0017695099874839514,"187":0.0033721546549711438,"188":0.01093909088623273,"189":0.0028799895560240036,"190":0.002421741959523569,"191":0.0024264995982399675,"192":0.003092629695286534,"193":0.0011324263812496217,"194":0.005865893113354999,"195":0.004812537374995956,"196":0.002972772676599552,"197":0.002433611616823211,"198":0.001921839266071527,"199":0.0039541020691057005,"200":0.0020649389181785294,"201":0.003342103044066805,"202":0.002664783779783175,"203":0.0038530948552124833,"204":0.005841503658632646,"205":0.0037233496269109146,"206":0.0032562396567650644,"207":0.0032101567805543933,"208":0.005766207006685483,"209":0.0021879862658546827,"210":0.003402200928842958,"211":0.003277122966804451,"212":0.00451150300717242,"213":0.004402579532573146,"214":0.012714843577401375,"215":0.003818343396333687,"216":0.0037561416399951755,"217":0.00513590631448658,"218":0.0017672117571937767,"219":0.0034222162267948473,"220":0.005486908650018956,"221":0.006894926553547589,"222":0.003974053326319812,"223":0.003487325295899343,"224":0.008609123913714923,"225":0.0026867472119120753,"226":0.0027774080203274514,"227":0.0029758855210430973,"228":0.0036600890617910775,"229":0.002108086376469193,"230":0.003209901318347767,"231":0.00282632729707552,"232":0.00737662122745686,"233":0.0031449318409828494,"234":0.0029164334156673317,"235":0.003565228494084363,"236":0.003191189528087815,"237":0.004648228933103756,"238":0.003817635785839997,"239":0.0034606211148964076,"240":0.005192932042324922,"241":0.0046495059395131625,"242":0.004200363994597844,"243":0.003228734272435689,"244":0.006423011528781639,"245":0.004576652612894846,"246":0.009992338543400089,"247":0.004141240941039626,"248":0.0038901752552570465,"249":0.008848222884751148,"250":0.0047171127772181465,"251":0.00586216070669598,"252":0.008114475689264709,"253":0.010101633693740767,"254":0.02165476765038996,"255":0.22432750371258559}