{"0":0.37354762763510135,"1":0.23966799922772572,"2":0.2244998992703453,"3":0.22887529368567233,"4":0.22311551719225875,"5":0.21870958592337988,"6":0.2244244202982472,"7":0.22724126822458274,"8":0.2209432040111115,"9":0.21899256607597944,"10":0.32141442320593344,"11":0.21366846798269906,"12":0.22666577911595678,"13":0.3188419288332722,"14":0.22355328347943676,"15":0.22517397245938325,"16":0.220358660257923,"17":0.22022719686364914,"18":0.21846280022507739,"19":0.21484301512091075,"20":0.24391378637944183,"21":0.22320746124390872,"22":0.21755247541418302,"23":0.21433080638853816,"24":0.22555111349694965,"25":0.21747025450756485,"26":0.22337336493894708,"27":0.2171782611752222,"28":0.22867463313327346,"29":0.22449300373111572,"30":0.22697271628112733,"31":0.22995514107213516,"32":0.8242949957347161,"33":0.21970771015409526,"34":0.22613006843511058,"35":0.23045552404563463,"36":0.2625925578241084,"37":0.23362144643444557,"38":0.22444531285280167,"39":0.22757631313412646,"40":0.24857749069089674,"41":0.2437743932287401,"42":0.22675808651721624,"43":0.22943458094011476,"44":0.22238867046498229,"45":0.23690065834514143,"46":0.27013689862804124,"47":0.43883313346315694,"48":0.5584547834538286,"49":0.3477661160622961,"50":0.3423912765194019,"51":0.3123932403735657,"52":0.3130733462311587,"53":0.32286967079240364,"54":0.3115750339144641,"55":0.30057866345468953,"56":0.3007603506897128,"57":0.29010905835067785,"58":0.24060514061678825,"59":0.23534588970215906,"60":0.30668008277224074,"61":0.23668081391560075,"62":0.3077866734598845,"63":0.2370028630309611,"64":0.22273950800412204,"65":0.24676855467061115,"66":0.24303709910099028,"67":0.25186622091842775,"68":0.25666197640011773,"69":0.2531290849603937,"70":0.28569183895320965,"71":0.24250428155016046,"72":0.24013754797215545,"73":0.2896018867406394,"74":0.2409453080491372,"75":0.2322844342182719,"76":0.24365057009674218,"77":0.24037582573738484,"78":0.23856892812097605,"79":0.24368580475522533,"80":0.24305083901485527,"81":0.24322138302531604,"82":0.2918509848434604,"83":0.2594223277014538,"84":0.25982067900246636,"85":0.23699540764607346,"86":0.234841993340283,"87":0.24190980812366486,"88":0.23090269557798035,"89":0.22900758844059368,"90":0.23536457039940692,"91":0.246575867424844,"92":0.22540103657730218,"93":0.24744831020141925,"94":0.22505768921911773,"95":0.22818837444243295,"96":0.2268421679147905,"97":0.32284661330110875,"98":0.2897055112037644,"99":0.2898164122770698,"100":0.30473282642919136,"101":0.4698914820917104,"102":0.23984281926926002,"103":0.26611885974299665,"104":0.2620452582389066,"105":0.30220983411964175,"106":0.28400787599632865,"107":0.24009077665450956,"108":0.2770758859435015,"109":0.28693641908419026,"110":0.3485561171584612,"111":0.36632210270044235,"112":0.2660005362400273,"113":0.23603667900874048,"114":0.3218914620233408,"115":0.3036758681667837,"116":0.39203882174017224,"117":0.2538590804231624,"118":0.2361248933372184,"119":0.23293222585520032,"120":0.24839442818895552,"121":0.2507987859725538,"122":0.22872400363963924,"123":0.22883290591246425,"124":0.22199044039676702,"125":0.23199723225441402,"126":0.22798167145288264,"127":0.23337715740118847,"128":0.22351031953735137,"129":0.21691403021455438,"130":0.21621614819703797,"131":0.22138377818911517,"132":0.2158093576398479,"133":0.21778430607010044,"134":0.21895690946083288,"135":0.2237423662890554,"136":0.21502966618520855,"137":0.2206371270145892,"138":0.2433567943308332,"139":0.2177580649702036,"140":0.2228468913856778,"141":0.2245516321859672,"142":0.23016000612402174,"143":0.2320221906977562,"144":0.2170478708508638,"145":0.22375362006165678,"146":0.2631921187758,"147":0.22554716711775905,"148":0.23332092574823007,"149":0.22436214555170542,"150":0.22476886983602307,"151":0.22179171237157963,"152":0.21504325046804615,"153":0.21969115365463665,"154":0.22477042420420115,"155":0.22213284925848784,"156":0.22460492570141194,"157":0.22629168145928982,"158":0.22741343513626347,"159":0.22997378178212718,"160":0.21891502783779945,"161":0.2200297894891169,"162":0.2359765458673663,"163":0.2274973378639547,"164":0.23100502874293094,"165":0.23470259841662142,"166":0.22629810592911329,"167":0.23308056000924615,"168":0.21829300165515717,"169":0.22692232475638302,"170":0.22261280352874235,"171":0.22691494830538936,"172":0.22119076843184127,"173":0.23177582835400024,"174":0.22734514779213064,"175":0.23013455904071492,"176":0.2152799353816822,"177":0.22560188967147474,"178":0.21984666514017517,"179":0.22325779956285516,"180":0.23124346151081637,"181":0.23194005502549628,"182":0.22692214535524402,"183":0.22670892728638514,"184":0.22190982975043408,"185":0.2230905508582083,"186":0.22554477147204757,"187":0.22813713038246006,"188":0.21896753783001888,"189":0.22744557371876337,"190":0.22454360026563397,"191":0.2298536297566675,"192":0.2192359858109298,"193":0.22040487734177414,"194":0.21652474990590376,"195":0.22487943656841378,"196":0.21877646465183131,"197":0.22481715132827906,"198":0.22538063736861527,"199":0.2373295966472761,"200":0.2180523348098357,"201":0.22170819831993005,"202":0.22020326733166315,"203":0.22060252994403567,"204":0.21590687078904194,"205":0.22194236115231572,"206":0.22295853745562275,"207":0.23130254306165055,"208":0.21957632322558018,"209":0.22408774998914008,"210":0.22873979623534457,"211":0.23384495953451223,"212":0.2263438875532081,"213":0.22631365788279953,"214":0.22861859322330083,"215":0.232762349530648,"216":0.22250145219265902,"217":0.2235396520157475,"218":0.23257701372529954,"219":0.2325951230908331,"220":0.22315914200781306,"221":0.22777199459752734,"222":0.22571361621540978,"223":0.2298508644183557,"224":0.21905724148266195,"225":0.2238574482413848,"226":0.2252555322003768,"227":0.23206671459440764,"228":0.221982817500689,"229":0.22175880876116957,"230":0.22228530095596866,"231":0.2317437762636278,"232":0.21833002039666952,"233":0.22975253322145192,"234":0.22794965796597433,"235":0.22841982961300888,"236":0.2243699051084299,"237":0.2325076981716048,"238":0.22736445107836606,"239":0.23195044357415728,"240":0.22349062304453446,"241":0.22701894323904706,"242":0.22260991448569145,"243":0.22489847602563437,"244":0.2261532910319946,"245":0.22996219700926068,"246":0.23001694756243574,"247":0.23480465666056213,"248":0.22746293305126639,"249":0.22243532669033303,"250":0.23022100634979684,"251":0.23314004448701303,"252":0.22832603792393683,"253":0.23299679171880147,"254":0.23263450395149562,"255":0.2664722618297581}