{"0":0.2500000000000001,"1":0.2500000000000001,"2":0.2500000000000001,"3":0.2500000000000001,"4":0.2500000000000001,"5":0.24999967444123897,"6":0.2500000000000001,"7":0.2500000000000001,"8":0.2500000000000001,"9":0.02347231992265589,"10":0.03496840407951035,"11":0.2499962715638897,"12":0.2500000000000001,"13":0.1740701574797561,"14":0.2500000000000001,"15":0.2500000000000001,"16":0.24999915307601264,"17":0.2500000000000001,"18":0.2500000000000001,"19":0.24999927383210113,"20":0.2500000000000001,"21":0.2500000000000001,"22":0.2500000000000001,"23":0.24999963691578858,"24":0.24999854766632346,"25":0.24999927383210113,"26":0.24999963691578858,"27":0.2499981845842241,"28":0.2499981845842241,"29":0.24999963691578858,"30":0.2499981845842241,"31":0.24999927383210113,"32":0.007372970654250353,"33":0.15265107086177435,"34":0.030519192339168544,"35":0.16966012435687777,"36":0.24592564909889184,"37":0.2234934349584057,"38":0.058005126184475383,"39":0.2223391320353861,"40":0.22041344141687985,"41":0.21971256591679772,"42":0.24733782956004935,"43":0.18395450633528143,"44":0.15443141368816277,"45":0.054085345835324476,"46":0.04543053255357245,"47":0.017391714428336733,"48":0.052849675069303464,"49":0.06533976373033051,"50":0.09564826964274571,"51":0.1298602877461894,"52":0.13551863297221114,"53":0.13854932383953736,"54":0.16565706882715744,"55":0.1654060442474361,"56":0.15600369554998036,"57":0.16486999266376082,"58":0.04129447823776974,"59":0.056786324811636056,"60":0.0343408577235302,"61":0.060970099097031626,"62":0.034446159606062524,"63":0.14268094671722317,"64":0.23948838537745967,"65":0.09435682382455973,"66":0.16041245354831882,"67":0.1345673730772268,"68":0.1334575677697076,"69":0.18623264607722395,"70":0.13891238630238734,"71":0.20215935328449638,"72":0.2060785124105221,"73":0.17833728083929104,"74":0.20986945870812074,"75":0.22976940123393821,"76":0.18939257876485277,"77":0.18098128010925907,"78":0.18391181012293414,"79":0.19563138795770482,"80":0.16230200459316296,"81":0.2367566766277883,"82":0.18085401104413593,"83":0.13809461266764983,"84":0.13953242256569326,"85":0.19329127145135844,"86":0.22216101552116818,"87":0.19512276384494573,"88":0.23924603578926562,"89":0.22860158276276232,"90":0.241939038856496,"91":0.10820486902933976,"92":0.24955888085754335,"93":0.10819826040352479,"94":0.24986288841825124,"95":0.15414235411512703,"96":0.24993077730250393,"97":0.0492503971760046,"98":0.10965398215131197,"99":0.05480533149168737,"100":0.050563039171943686,"101":0.03108047062376089,"102":0.10139268873807686,"103":0.0707507514900446,"104":0.09091068099270447,"105":0.05577354793624153,"106":0.19384883661587682,"107":0.14364122976313573,"108":0.03181858456384446,"109":0.05738260269178695,"110":0.03122885104006443,"111":0.03682838922456567,"112":0.0454625483083582,"113":0.13402817128791922,"114":0.03266279814719742,"115":0.02586387624182937,"116":0.02465008422718238,"117":0.05137945627683591,"118":0.11648232117498639,"119":0.0893470962549071,"120":0.09463568766536469,"121":0.06527762730511968,"122":0.209642433150024,"123":0.24851910594507584,"124":0.2463053009933591,"125":0.24848261482546538,"126":0.23709452100512018,"127":0.2500000000000001,"128":0.20768716417218944,"129":0.24306959248248702,"130":0.24555803626725853,"131":0.24655427225242854,"132":0.24703433885297627,"133":0.24912199880973504,"134":0.2491773977547046,"135":0.24740181273345008,"136":0.24588326182141032,"137":0.2478537840298486,"138":0.24854930287106447,"139":0.24862592884966328,"140":0.24833057018509902,"141":0.24916753286719076,"142":0.24972683093767284,"143":0.24945064540406486,"144":0.2493744986175766,"145":0.24934894122052176,"146":0.24926399971377877,"147":0.24453016651576517,"148":0.2446308612455872,"149":0.2484411337578507,"150":0.24916504479722223,"151":0.2475070366957771,"152":0.2481674726128935,"153":0.22635672647961982,"154":0.24851992471661252,"155":0.24867322873850897,"156":0.24049604387769646,"157":0.24088372588713905,"158":0.2491931467578657,"159":0.2490633659366722,"160":0.21510905121546056,"161":0.245756293925031,"162":0.2472640876538522,"163":0.24792593831408238,"164":0.2483191605295096,"165":0.2472251115830459,"166":0.24805252722759255,"167":0.24718621166336316,"168":0.2482075226541704,"169":0.24526737966712356,"170":0.2480044303882414,"171":0.24839474015113228,"172":0.2491997735504788,"173":0.24598745578074777,"174":0.24873342986305266,"175":0.24899006748388977,"176":0.24804675888848313,"177":0.24745101689051574,"178":0.24676597704619121,"179":0.2478949897591911,"180":0.24839103260318648,"181":0.24765468986739886,"182":0.24905993653499378,"183":0.24870328122499616,"184":0.22253119339998403,"185":0.2414630880511381,"186":0.24863237984308242,"187":0.24891825947739404,"188":0.24805239326210687,"189":0.2490432456090918,"190":0.2493413144561137,"191":0.24919260316651246,"192":0.2500000000000001,"193":0.24980782158661466,"194":0.21477874430040148,"195":0.2377561466094351,"196":0.24946264015753325,"197":0.24933560320758785,"198":0.24990347128940718,"199":0.249981053251916,"200":0.24999842746657555,"201":0.24985357835333927,"202":0.24998189105565027,"203":0.24985079248114164,"204":0.24995210520627664,"205":0.24992823720536783,"206":0.2491566479051789,"207":0.24957792498203754,"208":0.24913959997998553,"209":0.2495731162851857,"210":0.2498456425317352,"211":0.24994290295761126,"212":0.24993648573968033,"213":0.24997718740177863,"214":0.2497760554014131,"215":0.2496473756285089,"216":0.24841223838351867,"217":0.24869445273375468,"218":0.24997639500055704,"219":0.2499999890194013,"220":0.2499991201226114,"221":0.2499822151760461,"222":0.24999576540335175,"223":0.2499968892533553,"224":0.21783760768160934,"225":0.24967067610108903,"226":0.2093734860805237,"227":0.24139435270264323,"228":0.24906777379479217,"229":0.2475915598881879,"230":0.24852975886116171,"231":0.2488009715092974,"232":0.2486857054343225,"233":0.2490814924627105,"234":0.24976767021865282,"235":0.24976343879958085,"236":0.24964785653882254,"237":0.24975531559802272,"238":0.24999745923339708,"239":0.24927587736129694,"240":0.24996840522671987,"241":0.2499909678713528,"242":0.24999407158476378,"243":0.24994423466422533,"244":0.249997782714941,"245":0.24999334820380034,"246":0.24999201883757255,"247":0.2500000000000001,"248":0.2500000000000001,"249":0.2500000000000001,"250":0.24998349358535535,"251":0.2500000000000001,"252":0.24998147687095454,"253":0.2500000000000001,"254":0.2500000000000001,"255":0.2500000000000001}