{"0":0.011847371775345065,"1":0.02516800950637751,"2":0.027847991035600258,"3":0.02632166389793848,"4":0.027795424416394793,"5":0.028084447723529013,"6":0.026681345219459928,"7":0.02654594960250072,"8":0.027213147569505138,"9":0.028861327415181003,"10":0.020936101714427058,"11":0.02827538647441193,"12":0.027431402796399086,"13":0.02173605191743371,"14":0.02679434952011661,"15":0.026589249367610323,"16":0.026519489264835997,"17":0.028373291145203566,"18":0.02755062360080088,"19":0.028287660421153726,"20":0.022864398903028042,"21":0.026339461956170773,"22":0.028267085016147008,"23":0.028396035756125575,"24":0.02651860620522481,"25":0.02683103962627514,"26":0.027132815420274438,"27":0.02721138268607087,"28":0.02627342111028827,"29":0.026382570374471954,"30":0.02569816936708129,"31":0.02525611487416625,"32":0.012403485357820442,"33":0.027145733482057104,"34":0.027925618100753193,"35":0.02585190619128044,"36":0.020884267190931883,"37":0.02550206550190706,"38":0.027496331311573346,"39":0.02705398708242371,"40":0.022771973771062097,"41":0.024496675258564433,"42":0.025695444046552593,"43":0.027104301898400584,"44":0.026672680896676074,"45":0.02720748019042469,"46":0.024315914516699184,"47":0.019523808569675685,"48":0.014199351400259163,"49":0.028624759607831715,"50":0.02619123700302118,"51":0.028566399403563307,"52":0.02696962705294981,"53":0.026306906746029483,"54":0.028503534049308513,"55":0.027366269136934324,"56":0.02722510925907498,"57":0.02602550983532445,"58":0.026846521867934188,"59":0.0252910109244696,"60":0.022799790681110623,"61":0.025658881808609823,"62":0.023196681424095943,"63":0.024611160332247545,"64":0.026423221542782416,"65":0.02673467748071434,"66":0.02679260970321511,"67":0.026228266731737646,"68":0.02604375281293064,"69":0.02502183554658281,"70":0.025086445584677815,"71":0.02659525564734284,"72":0.02661340941514091,"73":0.020007012193170054,"74":0.02519097482880648,"75":0.027851823371987623,"76":0.026156562915547462,"77":0.027674068997204603,"78":0.026113784510628103,"79":0.025530832499234518,"80":0.028225680527946384,"81":0.024323855138928045,"82":0.02396973304653588,"83":0.02628566162847452,"84":0.02709182232359719,"85":0.026725795793122734,"86":0.026672848241293456,"87":0.025931428387960066,"88":0.027279763914775844,"89":0.02817268323000103,"90":0.02616168049912132,"91":0.027107366111972345,"92":0.027162772959146816,"93":0.026460298685449885,"94":0.02698202444218459,"95":0.027469995941214256,"96":0.02570408362254666,"97":0.02611460518341489,"98":0.026421729153954625,"99":0.024282322169490275,"100":0.025976822498727504,"101":0.018150301457208216,"102":0.027212598357388512,"103":0.02544399925724458,"104":0.026445750137292896,"105":0.02584601257862762,"106":0.025401513496179685,"107":0.024931203967214825,"108":0.0266346832440901,"109":0.022691745330638308,"110":0.025885725147811123,"111":0.02567260862358405,"112":0.027866632390327772,"113":0.026205543378898636,"114":0.024739836327421463,"115":0.025138293695998622,"116":0.021895624739151888,"117":0.026420383622497743,"118":0.02646119219823099,"119":0.02734860525923388,"120":0.025577604387535723,"121":0.027547118420342513,"122":0.02676995938716716,"123":0.025960622155136663,"124":0.02627848913315414,"125":0.026312020042797556,"126":0.025723402068344104,"127":0.026739454819565713,"128":0.026027216779942585,"129":0.027322080051828363,"130":0.02808493228728114,"131":0.027694528500501803,"132":0.028192076094600466,"133":0.027386993173464918,"134":0.02840508619779879,"135":0.026802996848254476,"136":0.02853957025915523,"137":0.02817793062802641,"138":0.023076839284901143,"139":0.027881748760537135,"140":0.026451535776883358,"141":0.026233605944809637,"142":0.02582443202798291,"143":0.025498990881201968,"144":0.02811719607326181,"145":0.027171784774760753,"146":0.020248643841661987,"147":0.027243797407805272,"148":0.024760566195698202,"149":0.026340164611482822,"150":0.02770493454141623,"151":0.027298452513897755,"152":0.02750749216837968,"153":0.02707327461147783,"154":0.026939089310422413,"155":0.027009106068534648,"156":0.02669794418113374,"157":0.027411076312819457,"158":0.02570188750798294,"159":0.025273601661411346,"160":0.02779503304924766,"161":0.02783137880225768,"162":0.02445882338614669,"163":0.02674287467635563,"164":0.026039660596422425,"165":0.025928670023216943,"166":0.026145274053331783,"167":0.025106100813618873,"168":0.027162357743139586,"169":0.0265612978561367,"170":0.02650564585419218,"171":0.026577572140505285,"172":0.02638378232486658,"173":0.025817099985110063,"174":0.025610576956805336,"175":0.027053738133473133,"176":0.027784419436114944,"177":0.026332915418277578,"178":0.02729975399294293,"179":0.026460494722952716,"180":0.026959728566818095,"181":0.02506997919104279,"182":0.02579136747574189,"183":0.026258624782079056,"184":0.027024235302351974,"185":0.026420532750423303,"186":0.026563868221475363,"187":0.026365206090914757,"188":0.026629967497418004,"189":0.02718542843494497,"190":0.027234539379970966,"191":0.027394851884390045,"192":0.02669576491475007,"193":0.0269085024528479,"194":0.028837182876089083,"195":0.026806901053105597,"196":0.027231708204441634,"197":0.026502192634572652,"198":0.025539691429784985,"199":0.025234098361440048,"200":0.028405680995466816,"201":0.0273819585830735,"202":0.026815758375508068,"203":0.027693589367470236,"204":0.02742708655684414,"205":0.025767699998589716,"206":0.026207823751032616,"207":0.025669486454773932,"208":0.026966678598453232,"209":0.027510334855673974,"210":0.026824887633270494,"211":0.02553502831854272,"212":0.025736963137471317,"213":0.026861237170304968,"214":0.025809530155485243,"215":0.026268722662817594,"216":0.027278548115977328,"217":0.02771838475282608,"218":0.025675279969234712,"219":0.025510714072955215,"220":0.026558558649388497,"221":0.025971810706012507,"222":0.026847284218746843,"223":0.027544738165142975,"224":0.027659975791468,"225":0.028131181673310156,"226":0.02639287732309724,"227":0.025653194003827488,"228":0.027505552995138342,"229":0.026470925159048586,"230":0.026001506185706343,"231":0.025525687499867715,"232":0.028159801347721537,"233":0.027211642459083772,"234":0.025578865648059935,"235":0.026966584201271356,"236":0.026827182760478893,"237":0.025594889873928398,"238":0.025873904974663603,"239":0.027177354185889287,"240":0.026851375602405993,"241":0.02629854384077146,"242":0.0265032135201331,"243":0.026465625416908247,"244":0.026604523265525284,"245":0.026620263315433625,"246":0.026280093956508273,"247":0.026661100469634172,"248":0.026950807712578836,"249":0.027531673887594192,"250":0.026428235124483987,"251":0.027809460781858013,"252":0.026893638814882513,"253":0.02746432988614472,"254":0.026844972635371382,"255":0.02082999966590248}