{"0":0.2495309570130166,"1":0.2495309722985668,"2":0.24953095731568206,"3":0.2495309569324747,"4":0.24953095702576308,"5":0.24953095691073385,"6":0.24953095695359773,"7":0.24953095685643745,"8":0.2495309572221097,"9":0.24013105046696281,"10":0.13232329603323476,"11":0.2495309568644564,"12":0.2495309568611696,"13":0.24953095685643745,"14":0.24953095684886706,"15":0.249530956857087,"16":0.24953095731568206,"17":0.24953095688527407,"18":0.24953095684966548,"19":0.24953095685382518,"20":0.2495309570873872,"21":0.2495309568552748,"22":0.2495309568611696,"23":0.24953095692641847,"24":0.2495309569324747,"25":0.24953095685643745,"26":0.2495309568756853,"27":0.24953095691073385,"28":0.24953095684979174,"29":0.24953095688527407,"30":0.24953095684865156,"31":0.24953095684834814,"32":0.14298000350053286,"33":0.24420791525947852,"34":0.19531555135412834,"35":0.1864677444171359,"36":0.2015787092809427,"37":0.24737029480567257,"38":0.23083807998943343,"39":0.0042688340995875275,"40":0.22544529567851587,"41":0.21877993415086652,"42":0.2446812514194165,"43":0.24747098745224202,"44":0.24474900303856092,"45":0.015419217262780192,"46":0.01695727123530385,"47":0.015754839874838587,"48":0.0025771600489986027,"49":0.005414660918065882,"50":0.034845371744745814,"51":0.028281097994725234,"52":0.01852818465270589,"53":0.039225964130218435,"54":0.08052537633232096,"55":0.04810668756088369,"56":0.09199300556806186,"57":0.04811877980401944,"58":0.10316935617266845,"59":0.22102059564954007,"60":0.24453632649230256,"61":0.10541105199327047,"62":0.24233571299138063,"63":0.10081864570955049,"64":0.24936208564258355,"65":0.23459543305684713,"66":0.2384323774294239,"67":0.2281220417409345,"68":0.09609014088157464,"69":0.22926607345818356,"70":0.0587861615301926,"71":0.18558701982296333,"72":0.12261561173842425,"73":0.09373684954594998,"74":0.20597936766592412,"75":0.2475261921474576,"76":0.2429930947509452,"77":0.2170629536383451,"78":0.2310933370573621,"79":0.12266611800022174,"80":0.092963966893971,"81":0.2490118519496306,"82":0.06824516786972608,"83":0.2245029429832344,"84":0.23767089542947348,"85":0.24191804692329327,"86":0.24687293057440285,"87":0.2441264915178587,"88":0.24706079998899305,"89":0.2473656288894833,"90":0.2468124893937833,"91":0.23768410921085498,"92":0.2391620457877079,"93":0.23768410921468383,"94":0.24602435903312822,"95":0.037586447705078393,"96":0.24927179683291514,"97":0.007045545646664473,"98":0.035607805412655784,"99":0.015370181584973745,"100":0.007659515925421956,"101":0.02249808822409676,"102":0.034432750324727014,"103":0.03328318879131384,"104":0.056148732291263256,"105":0.018855388428559564,"106":0.24300292667496196,"107":0.21894412694163862,"108":0.009560616593850095,"109":0.10501972599742691,"110":0.018265256808933227,"111":0.007356360535654613,"112":0.06250744381045,"113":0.2438860886690697,"114":0.10738177727885069,"115":0.05174083373551724,"116":0.03174177328614872,"117":0.20219916173521474,"118":0.22853694462414717,"119":0.011060627998646145,"120":0.22975151240596758,"121":0.23368115665835443,"122":0.2399599950649358,"123":0.2436340023729098,"124":0.23747325083305343,"125":0.24363400236367494,"126":0.24953095685147214,"127":0.24953095684849158,"128":0.24953095943787293,"129":0.24953095688527407,"130":0.2495309569207968,"131":0.24953095685778667,"132":0.24953095687370197,"133":0.2495309569705397,"134":0.2495309568778219,"135":0.24953095685202453,"136":0.2495309570873872,"137":0.24953095684826618,"138":0.24953095687370197,"139":0.2495309568509961,"140":0.2495309568512253,"141":0.24953095684933826,"142":0.2495309568602273,"143":0.24953095684933826,"144":0.24953095763536576,"145":0.24953095690623683,"146":0.24953095691073385,"147":0.24953095685147214,"148":0.2495309568611696,"149":0.24953095684979174,"150":0.24953095685302382,"151":0.24953095684979174,"152":0.24953095685147214,"153":0.2495309568552748,"154":0.24953095685202453,"155":0.2495309568484584,"156":0.24953095685935253,"157":0.24953095689459026,"158":0.24953095684806953,"159":0.24953095685202453,"160":0.2495309570873872,"161":0.24953095687186086,"162":0.24953095685147214,"163":0.24953095684943927,"164":0.24953095688012353,"165":0.24953095685643745,"166":0.2495309568558345,"167":0.24953095684943927,"168":0.24953095685427298,"169":0.2495309568504026,"170":0.2495309568512253,"171":0.24953095685058593,"172":0.24953095684979174,"173":0.2495309568481267,"174":0.24953095685643745,"175":0.24953095685302382,"176":0.2495309568670925,"177":0.24953095685058593,"178":0.24953095685023252,"179":0.24953095684875135,"180":0.2495309568491573,"181":0.24953095687186086,"182":0.24953095684979174,"183":0.24953095684943927,"184":0.2495309568552748,"185":0.24953095685427298,"186":0.2495309568558345,"187":0.24953095685340956,"188":0.2495309568644564,"189":0.24953095684808746,"190":0.24953095684865156,"191":0.24953095684849158,"192":0.24953095689459026,"193":0.24953095685078341,"194":0.2495309568512253,"195":0.24953095685854057,"196":0.24953095685935253,"197":0.24953095688012353,"198":0.24953095685023252,"199":0.24953095684924442,"200":0.24953095685778667,"201":0.249530956857087,"202":0.24953095685233312,"203":0.24953095684818108,"204":0.24953095685023252,"205":0.24953095684979174,"206":0.24953095685023252,"207":0.2495309568490764,"208":0.24953095687370197,"209":0.2495309568526657,"210":0.2495309569207968,"211":0.24953095684875135,"212":0.24953095684900137,"213":0.2495309568611696,"214":0.24953095684837268,"215":0.24953095685078341,"216":0.24953095684900137,"217":0.24953095685023252,"218":0.24953095685778667,"219":0.2495309568512253,"220":0.2495309568512253,"221":0.24953095684819282,"222":0.249530956848219,"223":0.24953095684832538,"224":0.24953095686856522,"225":0.24953095684828452,"226":0.2495309568602273,"227":0.24953095684818108,"228":0.24953095700118427,"229":0.24953095684992788,"230":0.24953095684933826,"231":0.2495309568509961,"232":0.2495309568611696,"233":0.2495309569020625,"234":0.2495309568484584,"235":0.24953095686327834,"236":0.24953095684842772,"237":0.24953095685340956,"238":0.24953095684924442,"239":0.24953095684886706,"240":0.24953095686327834,"241":0.24953095684893173,"242":0.249530956857087,"243":0.24953095684810178,"244":0.24953095684992788,"245":0.24953095684813417,"246":0.24953095687370197,"247":0.24953095684954815,"248":0.24953095684826618,"249":0.24953095684837268,"250":0.2495309568509961,"251":0.24953095684849158,"252":0.2495309568490764,"253":0.2495309568491573,"254":0.2495309568481703,"255":0.24953095684813417}