{"0":0.006270547184306011,"1":0.04198776128802709,"2":0.04800991615692056,"3":0.05587155604977477,"4":0.0324897275470149,"5":0.056496129029009766,"6":0.05824877966303533,"7":0.06373242019089934,"8":0.0517705909597259,"9":0.053303236145570296,"10":0.05101329606803769,"11":0.05531130250976016,"12":0.04615772125028754,"13":0.06119477540500038,"14":0.06647933306217375,"15":0.06743355294015789,"16":0.056117658545388284,"17":0.050277393746328024,"18":0.048454483442181374,"19":0.061153940926117534,"20":0.050186124885049366,"21":0.053359632908969674,"22":0.05821226134854808,"23":0.06251185866540525,"24":0.03909448833157579,"25":0.06136044069942092,"26":0.053282988100741634,"27":0.0601403534914547,"28":0.05344993426112603,"29":0.059115646424114036,"30":0.058142776317820555,"31":0.06456047699214602,"32":0.029284377699999628,"33":0.05016184217969554,"34":0.04381116720308187,"35":0.046060520821139525,"36":0.03885899346707668,"37":0.048815530741005565,"38":0.05918992358449648,"39":0.05454573496699132,"40":0.04681594548999989,"41":0.04883109889505158,"42":0.044005710156405205,"43":0.05473845801803134,"44":0.04572740264936774,"45":0.05816047340661034,"46":0.04943952366787361,"47":0.06564339644631144,"48":0.05029217406371275,"49":0.06043503346835304,"50":0.05307673751901264,"51":0.05412331616034221,"52":0.04680699337940749,"53":0.054752026433360496,"54":0.055109439137516106,"55":0.062127368061266564,"56":0.050389842925127805,"57":0.05048274492724993,"58":0.05845713412016353,"59":0.06380423447202316,"60":0.059131235979018586,"61":0.06292641100487181,"62":0.06738643164127951,"63":0.06274967387855722,"64":0.05708265274328486,"65":0.052063369318982436,"66":0.05091593472358954,"67":0.054501467498020484,"68":0.05037710616623479,"69":0.04711356589029581,"70":0.05386439210213102,"71":0.050677209879269464,"72":0.04696333737180419,"73":0.04243664192306029,"74":0.043187802559594604,"75":0.05008324810607552,"76":0.043774219369621954,"77":0.051940099937422136,"78":0.05537968519920628,"79":0.06017734592219154,"80":0.05281788325775597,"81":0.04718323781270267,"82":0.045903197020361136,"83":0.04880804198157197,"84":0.046760847277100746,"85":0.03173692143565156,"86":0.04938020851445787,"87":0.05764213632079124,"88":0.050965058828979296,"89":0.04992923404787194,"90":0.04912708441369671,"91":0.056559879679394305,"92":0.057162335001060764,"93":0.059865142127037044,"94":0.06371239260773091,"95":0.06261984192087142,"96":0.05435021904388491,"97":0.050893845273710485,"98":0.049718804853301886,"99":0.05267554314472495,"100":0.048612674259240395,"101":0.04799544416799071,"102":0.057223594747829676,"103":0.053582889995204164,"104":0.050347995348697064,"105":0.04798480397280234,"106":0.046531924152782005,"107":0.0597219931299245,"108":0.060234522370483094,"109":0.06038639777826354,"110":0.06300115336876652,"111":0.06910158436069026,"112":0.060145578688954635,"113":0.05854058165821695,"114":0.04896338571486043,"115":0.05823067867836559,"116":0.05463652089127084,"117":0.05696392873107914,"118":0.057294103986839255,"119":0.06293000478695299,"120":0.06878827091192052,"121":0.06512325272012597,"122":0.05907030061851877,"123":0.06486377534311331,"124":0.07110140784016378,"125":0.06867320942310777,"126":0.06856795428102107,"127":0.05499735935970011,"128":0.0484928208521929,"129":0.06103845695108782,"130":0.051367942934848504,"131":0.06407292354138291,"132":0.05313732692397887,"133":0.05486179100084702,"134":0.053052340318507564,"135":0.05175927072111605,"136":0.05065407556455419,"137":0.05564723948724652,"138":0.04591240006755078,"139":0.06064606419233093,"140":0.057960970789051804,"141":0.05647241138635697,"142":0.06010294420305806,"143":0.061719368040186,"144":0.04745935178061278,"145":0.042690441210546486,"146":0.04089593413817541,"147":0.05365447153571308,"148":0.04444865849638988,"149":0.04850142500243122,"150":0.04863299908446764,"151":0.05871916240684017,"152":0.05848970080120955,"153":0.04820062158606212,"154":0.05412440118251613,"155":0.061074325688576556,"156":0.0595860106866133,"157":0.05685076033241956,"158":0.062068233251388424,"159":0.06292660606163544,"160":0.06077414366723995,"161":0.05139865293368509,"162":0.051498890543335084,"163":0.055745768500936564,"164":0.04488341906793846,"165":0.048395627347294246,"166":0.052525537587000404,"167":0.054437524019869996,"168":0.049853822792780104,"169":0.04796354275105572,"170":0.03535720190210454,"171":0.05382328828037091,"172":0.05666030983040306,"173":0.05466915660323967,"174":0.0605218386949499,"175":0.06377012278262995,"176":0.052493897667826875,"177":0.055360908264504974,"178":0.05192098649474472,"179":0.05933788703104342,"180":0.05703760711526971,"181":0.052256757669939424,"182":0.0590656865884912,"183":0.05972233423808101,"184":0.06397496664676891,"185":0.05256676885380823,"186":0.05641759337492583,"187":0.062280793467002986,"188":0.07058815163523073,"189":0.06656275794402006,"190":0.07279831431772721,"191":0.06378712237171442,"192":0.042021213941359103,"193":0.06409456976951608,"194":0.0602666844800548,"195":0.05811462941583783,"196":0.041977377375590985,"197":0.057814794165960186,"198":0.062060025992404684,"199":0.060970944637546216,"200":0.05000035624770122,"201":0.04963183530140793,"202":0.04906351975330367,"203":0.05332255032385195,"204":0.05811540273679443,"205":0.06649053129733375,"206":0.062304352496916945,"207":0.06522322697455019,"208":0.057166377514074405,"209":0.05385449845353707,"210":0.05246163067208415,"211":0.053250058672637324,"212":0.04963982032267142,"213":0.04886186662442367,"214":0.055351427059242404,"215":0.06132872493068632,"216":0.058534970867006784,"217":0.05881242474318139,"218":0.05362118116264732,"219":0.06104345010088017,"220":0.05693636677674938,"221":0.060247248307540024,"222":0.07084877113027298,"223":0.06652465640226138,"224":0.07182592411427788,"225":0.05848183260439289,"226":0.05492034055460747,"227":0.06235616533982354,"228":0.053482702124579624,"229":0.04977856855412644,"230":0.05843345495377988,"231":0.062245604648129366,"232":0.05911549876000995,"233":0.051242709108579615,"234":0.05327904571720659,"235":0.06280523893576007,"236":0.05896926861961065,"237":0.05254530202858654,"238":0.06712334546055827,"239":0.06759000674797327,"240":0.07398727377298621,"241":0.0679228731806146,"242":0.05885190844522888,"243":0.05769545225046537,"244":0.05815998089612531,"245":0.05768263577091321,"246":0.05976540103162715,"247":0.06649650130878822,"248":0.06819665731457505,"249":0.06355319110083715,"250":0.05478893789613779,"251":0.05486277146889102,"252":0.0707601289987952,"253":0.05526084271648025,"254":0.058639871154759375,"255":0.010849983241347953}