{"0":0.8526727109736092,"1":0.15420026155526562,"2":0.15242460040544265,"3":0.12319766994546326,"4":0.17312003212123206,"5":0.12185846470283143,"6":0.12390026220665752,"7":0.09916953494794258,"8":0.14687356496664805,"9":0.12698729943221368,"10":0.13221444258963966,"11":0.11129974425568039,"12":0.15017391309842693,"13":0.11910610563713887,"14":0.1172620019590365,"15":0.09424280903677697,"16":0.14854231326540296,"17":0.12602799054352715,"18":0.13112389888426226,"19":0.10919974487362319,"20":0.13545731281407997,"21":0.11732279699938171,"22":0.11557031762521132,"23":0.09705950239308161,"24":0.149121933629861,"25":0.12423573448595099,"26":0.12139152194800248,"27":0.10058221635168914,"28":0.12324689919643932,"29":0.10174225210105882,"30":0.10087477586074095,"31":0.08496265377391408,"32":0.18883830752111738,"33":0.1280997303937506,"34":0.13776232433049218,"35":0.12377869911475323,"36":0.14885544862634678,"37":0.12364275585910559,"38":0.122991876724006,"39":0.10010415739276658,"40":0.1414044425512038,"41":0.12982123041461835,"42":0.13233641488463876,"43":0.1090420358827497,"44":0.13209705831713298,"45":0.11447000398467494,"46":0.1162127129433518,"47":0.09123064374184041,"48":0.16021303957701835,"49":0.13165347301821173,"50":0.13400787723274796,"51":0.12358175275920646,"52":0.13220932433625368,"53":0.11357163846623064,"54":0.10692175735993256,"55":0.09479664066484116,"56":0.12015613884654704,"57":0.1149404067406655,"58":0.1110219023953864,"59":0.09522723760611809,"60":0.10789729986058469,"61":0.10151004470296617,"62":0.08905080190717365,"63":0.089907498484911,"64":0.14514235577864334,"65":0.12935750338906118,"66":0.12812280709463486,"67":0.12012735056620685,"68":0.13449265878304303,"69":0.1253247467725163,"70":0.12310438913596686,"71":0.10671558664594773,"72":0.13532996132803504,"73":0.1354899779966159,"74":0.13051610233159688,"75":0.1170263912358265,"76":0.13951167732147857,"77":0.1263356416046131,"78":0.10900009205902057,"79":0.09770204824864187,"80":0.13483978694927565,"81":0.12620606988067454,"82":0.13417356628488772,"83":0.12158032048298897,"84":0.13071553189975885,"85":0.1645180059378708,"86":0.1169565154656299,"87":0.10189774172141422,"88":0.12189925719007674,"89":0.12064323825385545,"90":0.11951913654504075,"91":0.1084411228602515,"92":0.1095261934146582,"93":0.10737006896245399,"94":0.0929907054062449,"95":0.09237428408515937,"96":0.142527104970293,"97":0.13544450089194593,"98":0.13092935764368846,"99":0.12012272387713512,"100":0.13083047517236385,"101":0.13384526100122815,"102":0.12511514920153774,"103":0.11078825944708402,"104":0.12187845879569728,"105":0.13234811324845855,"106":0.12308450855529833,"107":0.11280136702753003,"108":0.1097035946172915,"109":0.12268958622478335,"110":0.10932300624626462,"111":0.09663331984177151,"112":0.1158096261200244,"113":0.10923809911412267,"114":0.12266943907304703,"115":0.10978945251117748,"116":0.11180546426062865,"117":0.10671070269114451,"118":0.10200390227170344,"119":0.09467957952343786,"120":0.09585246074039004,"121":0.09847774889660871,"122":0.09976696486308706,"123":0.09216406827534843,"124":0.08267208597227656,"125":0.09086404533330668,"126":0.08404873988346598,"127":0.10529490703828762,"128":0.16785890274048781,"129":0.12124247239153085,"130":0.12821226624146456,"131":0.10675211232102036,"132":0.12482399550197834,"133":0.11341576964594825,"134":0.1202848193005828,"135":0.10789920342670753,"136":0.13083409679736135,"137":0.1232850991626359,"138":0.12523633490736027,"139":0.10744543100590825,"140":0.1318837114770505,"141":0.11957673278110258,"142":0.10885543876850895,"143":0.09459457567181334,"144":0.1278422321294476,"145":0.12708012939104707,"146":0.15730892249890976,"147":0.1114640288099096,"148":0.1270643017657803,"149":0.12171582316144285,"150":0.11844443837790075,"151":0.10446032150274465,"152":0.1250332909132423,"153":0.13127159980690936,"154":0.11685644423742027,"155":0.10201323544232634,"156":0.10679046461216084,"157":0.10612822320427089,"158":0.09488394649101506,"159":0.09499482601492584,"160":0.12286951070752768,"161":0.12147071980078566,"162":0.1201882400980423,"163":0.11130039123414866,"164":0.12732592694830883,"165":0.12346699795535199,"166":0.12286598390747333,"167":0.10834201878291366,"168":0.12203558330882472,"169":0.12832500190636967,"170":0.1489187996607772,"171":0.1125840077604298,"172":0.11710147963062677,"173":0.11979334665733811,"174":0.10038507256343253,"175":0.09264882116929127,"176":0.10841117719976258,"177":0.11524138938908943,"178":0.11500983534614122,"179":0.10866857953934013,"180":0.11156518104364789,"181":0.11742350062795001,"182":0.11083945437393056,"183":0.10210680788036608,"184":0.10196368488475853,"185":0.11477967757101763,"186":0.10357308472907273,"187":0.1017053072550433,"188":0.08949681000689584,"189":0.10043477153802156,"190":0.08474585306925805,"191":0.09943177376460495,"192":0.13784164354362854,"193":0.1079311692836436,"194":0.11089832403800669,"195":0.11402248371930274,"196":0.131372944266022,"197":0.1086123395050596,"198":0.11090919831902053,"199":0.09899805354494771,"200":0.11525109119039717,"201":0.1147891603886929,"202":0.11760349165725353,"203":0.11360988510091849,"204":0.12357040930009755,"205":0.10838628511758401,"206":0.10396939627223263,"207":0.09429753262046182,"208":0.10641072367646208,"209":0.10508922678006692,"210":0.11290949179230723,"211":0.11079468273186689,"212":0.11714680611278912,"213":0.11117818003480383,"214":0.11106347915584386,"215":0.09625104151694233,"216":0.09777998186831925,"217":0.1028758799710261,"218":0.10514578592673436,"219":0.10541853648028474,"220":0.09943101209270593,"221":0.1002848200972264,"222":0.08933383599806327,"223":0.09406198218202952,"224":0.09074087064775056,"225":0.10028904487674004,"226":0.09932974247382163,"227":0.10187756749450201,"228":0.10413663389950104,"229":0.10898240774052896,"230":0.10903571798651934,"231":0.09908526159968156,"232":0.10176629114198939,"233":0.11329280170928345,"234":0.11161850583742869,"235":0.10482510713583502,"236":0.09937437553851264,"237":0.10775306374872078,"238":0.09522452760238254,"239":0.09165407757020362,"240":0.08381820397236517,"241":0.09107462328550578,"242":0.09256230193947096,"243":0.1098119366629145,"244":0.09859439111540141,"245":0.10388767612309577,"246":0.09283591883771258,"247":0.09439095743956202,"248":0.07992908412689263,"249":0.09480727308743343,"250":0.11029501596315966,"251":0.1496417570424041,"252":0.08680934214299861,"253":0.10498757373719536,"254":0.10611233531486125,"255":0.4776834937761615}