{"0":0.9188216132801034,"1":0.3893210526997397,"2":0.24701656870804,"3":0.28407936784267646,"4":0.24273631559255118,"5":0.22139032012220392,"6":0.2067265715837139,"7":0.23726549305067826,"8":0.20946255428707078,"9":0.20274779585489155,"10":0.2205166666185059,"11":0.18926246781665015,"12":0.23196576033367466,"13":0.19366302574648547,"14":0.19923108325619768,"15":0.20122652939737495,"16":0.1892563179648866,"17":0.23393368600962677,"18":0.205735331493114,"19":0.18554957893606894,"20":0.25256562212706285,"21":0.22825562687302425,"22":0.19528857572783995,"23":0.17902417614732274,"24":0.2140671107616143,"25":0.21161971289977066,"26":0.2133313861981413,"27":0.2067360287384636,"28":0.23186759641979943,"29":0.21280968569867967,"30":0.22221716645421505,"31":0.2492295985663046,"32":0.40581348577979254,"33":0.1832135316186013,"34":0.21921233369926887,"35":0.24376683587072356,"36":0.2528166678561294,"37":0.20217280067996052,"38":0.18464640163009863,"39":0.2105188668836622,"40":0.23033348203989007,"41":0.21380914870560752,"42":0.228578075562593,"43":0.22681124273722322,"44":0.20628171017052171,"45":0.22346112241565197,"46":0.21966735968512238,"47":0.1950675053666342,"48":0.19156039107007558,"49":0.2404168568408355,"50":0.29846202872776273,"51":0.2033924602220055,"52":0.2307139501447137,"53":0.23434046590987204,"54":0.21923869759678843,"55":0.20458922785534256,"56":0.22612225855777315,"57":0.22801645680627294,"58":0.23406806633767258,"59":0.20589996833699226,"60":0.23190875027891258,"61":0.22541060798511392,"62":0.2171205685122777,"63":0.22305804497524745,"64":0.19781202964453376,"65":0.20891274792455544,"66":0.1910982077873099,"67":0.19977964535913062,"68":0.1846145782802795,"69":0.23476713022173745,"70":0.23985471664579458,"71":0.22883079978244758,"72":0.22576993365902168,"73":0.2631361049841088,"74":0.23226419049685018,"75":0.21565569180494915,"76":0.1729831628579933,"77":0.22340342020171441,"78":0.2084889628784391,"79":0.23058410795850867,"80":0.20186249935493042,"81":0.2313091034620094,"82":0.24701428619503896,"83":0.2165729171395408,"84":0.2209191255327108,"85":0.23497767590612884,"86":0.2351425626743777,"87":0.22727224320297004,"88":0.2046493917608101,"89":0.20984121158358868,"90":0.24084873633547166,"91":0.23259787773376533,"92":0.21596850932328854,"93":0.20813541715416803,"94":0.19862918701118398,"95":0.1911613318565228,"96":0.1639694690691058,"97":0.20344562319616297,"98":0.20196138858027662,"99":0.2574139366311183,"100":0.23442948132545136,"101":0.25195983062912575,"102":0.20261515722848628,"103":0.20827029074535727,"104":0.20745663572339118,"105":0.27419319731370384,"106":0.2316796879578403,"107":0.25038966043425254,"108":0.20054082630920178,"109":0.272639563999436,"110":0.2504638086269772,"111":0.23890521148598343,"112":0.2152161527789453,"113":0.25128090294598565,"114":0.2444687604722269,"115":0.24905034940896337,"116":0.23358245721406273,"117":0.23933549716664215,"118":0.22007562560476887,"119":0.2120954676943313,"120":0.2318208035560374,"121":0.21851755061365818,"122":0.21095787197506347,"123":0.21010419041130357,"124":0.19153297067043493,"125":0.20428319668622533,"126":0.19336826929973186,"127":0.2140596878006484,"128":0.19156941954528134,"129":0.1830161387517546,"130":0.19222156847075042,"131":0.18142306470435743,"132":0.16742976537731638,"133":0.1930101319074793,"134":0.1992227180505887,"135":0.18405679099358815,"136":0.1855611404355728,"137":0.19343105127058277,"138":0.24915426987173545,"139":0.18331607943939593,"140":0.2234623219008421,"141":0.22116263542301767,"142":0.24046197077659207,"143":0.2243677376502316,"144":0.1945013322889707,"145":0.23386880655396744,"146":0.2529701943278647,"147":0.2137282857773349,"148":0.1984413259202463,"149":0.23635581085017077,"150":0.2340069688831098,"151":0.20338313189795634,"152":0.17619160485053686,"153":0.18967841554017023,"154":0.2328712821977545,"155":0.18916006689179288,"156":0.20064423786701427,"157":0.1968380361724817,"158":0.22280022515978126,"159":0.2108035539670972,"160":0.19087211492174977,"161":0.18899286398418386,"162":0.20801048066868763,"163":0.21336424684773475,"164":0.22497824398380087,"165":0.24537692273223102,"166":0.212699128827505,"167":0.2393527134085128,"168":0.21691325644993306,"169":0.23734190777832684,"170":0.22046986952432518,"171":0.22510424942685472,"172":0.20402520871369534,"173":0.2523689260276909,"174":0.22637843702221092,"175":0.21920449487578894,"176":0.16778407825820424,"177":0.21828315733369705,"178":0.20812577564526336,"179":0.19679791587325013,"180":0.2326660841270185,"181":0.25882052199683714,"182":0.23828394026137284,"183":0.24924023759446665,"184":0.22474782674761418,"185":0.22773897859861963,"186":0.21597547452687332,"187":0.2079745775092602,"188":0.19756333643635468,"189":0.20317889465878644,"190":0.18742635051578863,"191":0.19292939879081034,"192":0.1769932891990663,"193":0.18160270292926,"194":0.1806489608696969,"195":0.2034927724049256,"196":0.22282952175487064,"197":0.21292828151697565,"198":0.23023832748242415,"199":0.250806767348936,"200":0.20627734860049812,"201":0.21437301871339615,"202":0.20927879269317892,"203":0.21204913174154272,"204":0.18505101286105385,"205":0.2034832538958072,"206":0.19042380362336822,"207":0.20718138734217723,"208":0.17433140192261615,"209":0.19395200503967394,"210":0.23705266784484863,"211":0.2396341600065547,"212":0.24094177259320196,"213":0.2169856929414841,"214":0.23249722297338954,"215":0.22840657334851314,"216":0.18949763226150326,"217":0.198337841508145,"218":0.2545234957011888,"219":0.25164536878406935,"220":0.2277069672062389,"221":0.21048634682865341,"222":0.20177699704454782,"223":0.18884167529686413,"224":0.18647230426305883,"225":0.20997091881327937,"226":0.23226967504587478,"227":0.24530036891423118,"228":0.21680725030083903,"229":0.21569580928887422,"230":0.20758506894859977,"231":0.2098978997857271,"232":0.17122857464959568,"233":0.22634556529549835,"234":0.22714310813773544,"235":0.20666734890792787,"236":0.18712657039724873,"237":0.23716353698334866,"238":0.21484315473295373,"239":0.18284847506948565,"240":0.2022544303302935,"241":0.2335292443197733,"242":0.21280036508063582,"243":0.19412749468198676,"244":0.20107895516273824,"245":0.21210124661988214,"246":0.2187303108311234,"247":0.20029213608247068,"248":0.21711358346471157,"249":0.19402652050904293,"250":0.20338082375287375,"251":0.1994302859686782,"252":0.21031699541390037,"253":0.1958148983566957,"254":0.21471912243984212,"255":0.282667094423182}