{"0":0.0222504614741429,"1":0.027057984485601257,"2":0.039297466653107134,"3":0.03188046388745585,"4":0.03321872107209824,"5":0.037246701279849866,"6":0.03857998793231538,"7":0.03114419214492774,"8":0.03737165305569814,"9":0.03808280813232087,"10":0.03301347528057051,"11":0.037525572737249796,"12":0.03582351230977428,"13":0.03369145469324821,"14":0.03194182284675645,"15":0.03371758489244902,"16":0.03603151557035754,"17":0.03499995977813827,"18":0.03128569280786498,"19":0.03676837126664359,"20":0.02659614144866078,"21":0.02836846700503939,"22":0.0331849173875266,"23":0.035983117751566006,"24":0.030007588378793377,"25":0.029282309632547823,"26":0.031983255844767355,"27":0.02946760070281418,"28":0.02742190833974878,"29":0.029216932462491997,"30":0.02787867537658581,"31":0.027628607992588122,"32":0.021495763493780583,"33":0.0370606778778749,"34":0.03141427970110358,"35":0.025724606004602853,"36":0.023561926001288456,"37":0.031120945604988945,"38":0.0332733301046692,"39":0.031224317898137958,"40":0.029021706686500955,"41":0.03062280603244907,"42":0.0271276025318179,"43":0.026571489966716627,"44":0.03045269678602241,"45":0.028547794776621414,"46":0.031153407399566947,"47":0.03264653052970351,"48":0.03435342176040719,"49":0.027500191699513385,"50":0.022123842491271587,"51":0.03183200351649182,"52":0.03053516349114317,"53":0.027645822029975724,"54":0.029910908559236036,"55":0.03271176142136049,"56":0.02883142402040214,"57":0.027959481798111772,"58":0.02848707623732685,"59":0.02866679126023606,"60":0.02976083362276479,"61":0.028909092731217688,"62":0.03188970976831356,"63":0.03171431988744204,"64":0.029916440693777253,"65":0.031656587961728454,"66":0.03375702368371434,"67":0.03573276811838023,"68":0.03353592370064566,"69":0.028042065988012684,"70":0.02761050935464423,"71":0.0287077195292343,"72":0.026417717741543903,"73":0.02546405568634375,"74":0.028668244245586755,"75":0.02853337958921539,"76":0.03361293688368985,"77":0.027834215521471768,"78":0.028619757350884845,"79":0.02781370792524089,"80":0.031117753733299405,"81":0.02772537938610572,"82":0.02685311750925966,"83":0.029730898681235435,"84":0.028878978134402582,"85":0.026223649067430833,"86":0.025663338023971593,"87":0.0286438762217456,"88":0.030740539993918244,"89":0.029637064569934767,"90":0.026649189673621444,"91":0.02587500755799897,"92":0.027435961441049636,"93":0.02887596490001476,"94":0.03139777049115116,"95":0.033039055588459244,"96":0.035731786329109595,"97":0.035744334773852804,"98":0.03262139143662881,"99":0.026696550275483004,"100":0.028608503921459163,"101":0.0286890127087478,"102":0.032417840089932565,"103":0.0337651237452245,"104":0.0318249334103654,"105":0.02693600175898894,"106":0.02723002831783307,"107":0.025280137488723767,"108":0.03416639685385815,"109":0.02193602109151929,"110":0.02587546500520244,"111":0.030098322990603874,"112":0.029991144010181034,"113":0.02521780539688443,"114":0.0287894415578809,"115":0.02744666328850259,"116":0.032389945968618356,"117":0.028741123806690496,"118":0.029557954319483097,"119":0.03167041739132906,"120":0.027544244780116234,"121":0.029931226197780027,"122":0.030557963472803845,"123":0.02934939017007348,"124":0.03138848774467283,"125":0.031466170002126856,"126":0.03243669105729232,"127":0.03110522557242847,"128":0.03014401975755771,"129":0.03407619272273628,"130":0.032041175423260765,"131":0.033788622814134056,"132":0.03776584819449422,"133":0.032062882972846894,"134":0.031590307279178095,"135":0.03492340384049802,"136":0.03262155307247833,"137":0.031151115165062204,"138":0.02444602580157552,"139":0.03208240396654191,"140":0.02632842056770066,"141":0.02621988023423284,"142":0.0244288972182794,"143":0.028049252256073152,"144":0.029442169124924897,"145":0.025492299506137035,"146":0.024877607614094986,"147":0.02837735083142556,"148":0.03156086962381539,"149":0.025902064287611958,"150":0.02692215644431969,"151":0.031041362971737527,"152":0.03457657703952786,"153":0.03226596526855052,"154":0.026898773078898486,"155":0.0316640286859531,"156":0.029178403234587518,"157":0.030311263745717385,"158":0.02773047430628624,"159":0.031098310675594924,"160":0.031198440398653236,"161":0.03358861681628692,"162":0.030226849932199856,"163":0.030167459542324526,"164":0.027032272605080104,"165":0.025846169575365074,"166":0.029214419531861595,"167":0.02723390669707691,"168":0.028022681735743245,"169":0.02637655959073225,"170":0.027450485670955142,"171":0.027208176630482812,"172":0.02909461361449912,"173":0.024065852480744356,"174":0.02728372932684023,"175":0.029599038093514066,"176":0.035390524933020515,"177":0.02863225261877511,"178":0.02920314325826889,"179":0.0318580719567993,"180":0.027035008639628877,"181":0.02526462990131583,"182":0.02569693753940871,"183":0.025136407719334796,"184":0.027134029084303322,"185":0.026860255052467464,"186":0.02897151678457537,"187":0.029072092434173608,"188":0.031770074598690495,"189":0.03064217569248298,"190":0.03295675023531739,"191":0.03442886017910383,"192":0.03487259490585393,"193":0.03553223203384542,"194":0.035054266068896264,"195":0.031376268792067875,"196":0.031308386510410235,"197":0.030320750352029274,"198":0.027049299906839543,"199":0.025345580956951018,"200":0.02929700722573819,"201":0.02777174071920297,"202":0.028619638611792463,"203":0.027371049319214066,"204":0.031210898906799737,"205":0.029975922687065205,"206":0.03146376406526635,"207":0.03127528353789151,"208":0.03424731987788947,"209":0.03362458113182157,"210":0.02618697373612729,"211":0.026825375116598785,"212":0.025687138252507225,"213":0.028916900735416796,"214":0.027238689314319626,"215":0.029347738288998927,"216":0.034350117891195776,"217":0.03247569637545886,"218":0.026399457451923996,"219":0.02488045375375966,"220":0.025359404130509185,"221":0.028337008441280905,"222":0.030217912746004324,"223":0.03421105165784627,"224":0.033755586738078235,"225":0.03127584380195489,"226":0.027329997829978404,"227":0.02547024664812116,"228":0.028634983554978476,"229":0.028209946747340134,"230":0.030384834626333224,"231":0.03047751451918866,"232":0.03765891079034444,"233":0.02801031820507793,"234":0.028061801880532103,"235":0.03137794409900388,"236":0.03341936712597117,"237":0.025646278877092577,"238":0.02792811124990067,"239":0.03572199159320694,"240":0.03318347934637361,"241":0.028001795535161904,"242":0.029127518478309914,"243":0.03402501966702681,"244":0.03313721517878112,"245":0.031643366476874116,"246":0.03000322569799887,"247":0.032587758147963865,"248":0.030280752725943775,"249":0.03317754429045125,"250":0.03331039732222747,"251":0.032083168016320336,"252":0.030798351531785954,"253":0.03437832530719035,"254":0.031120506830182623,"255":0.035763543665411915}