{"0":0.013905810419463725,"1":0.01665993050807152,"2":0.015269927822447535,"3":0.015463787073278291,"4":0.016900439496430716,"5":0.014722763175648414,"6":0.014810698749585115,"7":0.014890294162094616,"8":0.014968661593572666,"9":0.014873117680367571,"10":0.014642251217083974,"11":0.01347136934507419,"12":0.014360369256506035,"13":0.014907209284183933,"14":0.015179164964841294,"15":0.013348332585324417,"16":0.013667393547306724,"17":0.014803461779337222,"18":0.015109277126035778,"19":0.014514972121926857,"20":0.013932962691839669,"21":0.013867803504773586,"22":0.013561785192457895,"23":0.014120686714911,"24":0.013267361626488604,"25":0.014600408951421695,"26":0.014515211535769202,"27":0.01578491364862697,"28":0.014176072153644297,"29":0.014199243593004564,"30":0.013604799160005869,"31":0.013654593352925556,"32":0.013754882168557254,"33":0.013987255274820096,"34":0.0123960793514815,"35":0.01377200613504912,"36":0.013539160674419978,"37":0.015718320331246764,"38":0.013871926146721801,"39":0.013830043531852743,"40":0.014591104423470863,"41":0.01413809450502231,"42":0.01579622949007063,"43":0.01384337760873973,"44":0.012903760296942934,"45":0.015618719290686667,"46":0.01396798339190566,"47":0.012354999267540821,"48":0.015375757955155275,"49":0.013043700001070439,"50":0.016305746901017625,"51":0.015569267870069552,"52":0.015241858024196952,"53":0.015844187496110947,"54":0.01537262820766174,"55":0.015430666832852958,"56":0.013885451669607831,"57":0.015155286554308018,"58":0.01192845921288249,"59":0.01392219153720771,"60":0.014423774541962872,"61":0.01678678451515545,"62":0.015600464995759511,"63":0.01338729506127574,"64":0.015377510262192372,"65":0.016454079862373846,"66":0.015231016170428819,"67":0.014693381401511487,"68":0.015587095649880207,"69":0.015624066683702408,"70":0.014969207176065556,"71":0.013822334853538096,"72":0.015503049322251234,"73":0.015373470671573915,"74":0.013636917321612731,"75":0.014321282323732594,"76":0.014843352159697419,"77":0.016675273808962266,"78":0.01497816679396228,"79":0.014677913874558184,"80":0.01461179874401205,"81":0.014076197073923612,"82":0.013937557819047583,"83":0.014789996046874669,"84":0.015315599877229772,"85":0.014077920450841325,"86":0.013825225839232357,"87":0.015613083712826775,"88":0.013389996782193873,"89":0.01438822247586299,"90":0.013821313409488853,"91":0.014472135550380813,"92":0.013816097727060944,"93":0.01446774089857718,"94":0.014403358036842829,"95":0.014238353774223247,"96":0.014601392674311776,"97":0.013311668207001739,"98":0.015752815009029093,"99":0.015820125549069145,"100":0.012620966823236424,"101":0.012902320417488506,"102":0.015432733388408752,"103":0.01455890076028595,"104":0.014914622970795594,"105":0.01567829161356991,"106":0.015554359483124452,"107":0.015213058352494367,"108":0.014812777482584643,"109":0.013188388647068748,"110":0.014539731402106229,"111":0.013433478951725005,"112":0.012541660413907753,"113":0.01350490054446169,"114":0.014843292960926688,"115":0.013164249534575604,"116":0.0129007288247568,"117":0.014423628451274427,"118":0.014126433589158473,"119":0.014604150044186363,"120":0.011253358276427722,"121":0.014860719420994687,"122":0.015063135241061612,"123":0.01440357273024853,"124":0.014507870251637205,"125":0.013629020883680822,"126":0.013635156027244761,"127":0.014190549100595928,"128":0.017846224932292293,"129":0.015281977892138678,"130":0.01520690415426044,"131":0.014729985809633509,"132":0.012653902482450694,"133":0.014372928748201149,"134":0.014770445566316272,"135":0.013434313954832718,"136":0.014143805840995876,"137":0.01418285086009155,"138":0.014345033674599345,"139":0.01403700685148258,"140":0.01417345422686499,"141":0.014847508174433581,"142":0.013301907760074672,"143":0.014047816871584715,"144":0.014180226622616723,"145":0.014267064181981488,"146":0.0158226530018677,"147":0.013725294893936407,"148":0.013914492158027439,"149":0.01562054229295636,"150":0.013544482485359704,"151":0.014337523697374252,"152":0.014233036666417924,"153":0.016223121046835976,"154":0.014431571779753731,"155":0.014927355793404389,"156":0.013472502996832196,"157":0.013712152343127445,"158":0.014111333710307341,"159":0.013630020916553492,"160":0.015352244456817564,"161":0.014054837116201308,"162":0.01492218169522382,"163":0.014401213736898514,"164":0.013895014926066446,"165":0.015058449907879376,"166":0.014490326079986161,"167":0.013840139423376715,"168":0.014377351991795222,"169":0.015187883735916176,"170":0.01479559441140728,"171":0.014997477400796332,"172":0.013922420441403887,"173":0.014221226821383525,"174":0.014433848528365417,"175":0.01461739355026172,"176":0.012512775610950022,"177":0.014531938023584661,"178":0.015265493644829969,"179":0.013987006818963874,"180":0.014410429528723658,"181":0.014007714213191542,"182":0.014038092674502204,"183":0.014368163538535976,"184":0.014106782478345434,"185":0.014944540308848625,"186":0.014936445929229483,"187":0.014980703135392386,"188":0.014477488595646609,"189":0.013967193799814235,"190":0.014894522080429386,"191":0.013933656447988484,"192":0.015176963984229191,"193":0.012910302414820045,"194":0.013839742569062605,"195":0.014358431024534372,"196":0.013893408993526857,"197":0.014245632344028649,"198":0.014405665483435415,"199":0.013594324137202116,"200":0.014529600695980355,"201":0.016420269988813505,"202":0.01516032209528638,"203":0.014028374891637194,"204":0.013347723327825137,"205":0.014357403217605317,"206":0.013282038228459246,"207":0.013423227686191268,"208":0.014687041481109598,"209":0.014937593515621864,"210":0.014448555738763212,"211":0.013591078207259842,"212":0.01595263708934854,"213":0.015667801263707568,"214":0.012758513450745688,"215":0.013552787859285119,"216":0.015860602140159337,"217":0.01504874072055568,"218":0.015185582580624668,"219":0.013890428325358608,"220":0.014591478181761512,"221":0.014729477833000926,"222":0.014437058515575345,"223":0.013848875571466484,"224":0.014075493851819448,"225":0.014167747067655948,"226":0.01391779085129304,"227":0.014051070722655299,"228":0.014758346369834247,"229":0.015042456688191949,"230":0.01450503566931711,"231":0.01315841747055272,"232":0.014314493663817015,"233":0.013967217674576003,"234":0.016332293660743808,"235":0.013661780380762508,"236":0.015141567677382405,"237":0.01394587935982982,"238":0.014842697089843574,"239":0.013875678823186112,"240":0.013620911268777298,"241":0.01368721338671519,"242":0.01497408778847481,"243":0.013772625664359337,"244":0.014988986200557636,"245":0.014550877218773316,"246":0.014757225790848132,"247":0.013066986952483336,"248":0.01371469628774923,"249":0.013956655197499867,"250":0.015275443927282062,"251":0.014405101490978555,"252":0.014208464686538653,"253":0.014076672447052695,"254":0.014999439645731586,"255":0.015151635428038905}