{"0":0.24983229604108909,"1":0.24999976682831698,"2":0.24999952191729408,"3":0.24999336875925943,"4":0.24999999554346405,"5":0.25000000000000094,"6":0.25000000000000094,"7":0.24999960823112552,"8":0.24999987251116282,"9":0.026515493264345432,"10":0.04906234195231877,"11":0.2499897215831511,"12":0.2499981785454044,"13":0.10005088872701644,"14":0.24999923562533582,"15":0.24999923191993587,"16":0.24999932078682083,"17":0.24999985146430112,"18":0.2499999199580149,"19":0.2499997555444991,"20":0.24999991270775884,"21":0.2499996330365103,"22":0.2499995556688944,"23":0.24999996378417655,"24":0.24999988696442607,"25":0.24999938052791196,"26":0.2499992903938678,"27":0.24996588110291626,"28":0.2499999399317507,"29":0.2499998528528858,"30":0.2499998899117914,"31":0.249999875687034,"32":0.011422289652198986,"33":0.19703514312316714,"34":0.030846484963926685,"35":0.2050920073975597,"36":0.2396503228051118,"37":0.19127416189459123,"38":0.17014781068352544,"39":0.12161810935797276,"40":0.15963094762214206,"41":0.1596245242555187,"42":0.22843630834347367,"43":0.20173870520935183,"44":0.12831149977515965,"45":0.03790834530095036,"46":0.05189855099316709,"47":0.017233808298591037,"48":0.07890779405192724,"49":0.09063005514983055,"50":0.10201214670139935,"51":0.13720065578239418,"52":0.15671510372072156,"53":0.1562260848378279,"54":0.16863554484891,"55":0.1754866433020724,"56":0.16554235810454052,"57":0.16798875606716795,"58":0.09994634276423679,"59":0.12690573101192243,"60":0.02358116237242999,"61":0.050772905109581115,"62":0.023631105602620592,"63":0.200105425895673,"64":0.23946182753857573,"65":0.14237179043988815,"66":0.1761746279847726,"67":0.14790268009044846,"68":0.13880018525453866,"69":0.1315501844149545,"70":0.14857232917783697,"71":0.20059132784623054,"72":0.15150750800750398,"73":0.15248185056432612,"74":0.2232344994850804,"75":0.22788180374213826,"76":0.13733148707895337,"77":0.1435110121561363,"78":0.17483108175294845,"79":0.16618437905011266,"80":0.15002938268930538,"81":0.22997434714513118,"82":0.16169641544114424,"83":0.15007931986408235,"84":0.10490038595504404,"85":0.18449229856404897,"86":0.2186456325597897,"87":0.20614656839729556,"88":0.22743583964373199,"89":0.18190171557457388,"90":0.22777880221125787,"91":0.2113544724666845,"92":0.19773828428168788,"93":0.2113361010132731,"94":0.24631077980919303,"95":0.11993527192894732,"96":0.24921574351558212,"97":0.018096681116046776,"98":0.07761738326100458,"99":0.031179191199191724,"100":0.027830411692532957,"101":0.013085887873173191,"102":0.0702752486066521,"103":0.07215622247036496,"104":0.0319304877906497,"105":0.018611555157202704,"106":0.1561331078933033,"107":0.12566764431069263,"108":0.027124322765095667,"109":0.04125703292124675,"110":0.025899830879360295,"111":0.024290208151789828,"112":0.03662592496088892,"113":0.20226795775810688,"114":0.02223719572555504,"115":0.021070745717630512,"116":0.015967390625491944,"117":0.052967760177875516,"118":0.07756318034513301,"119":0.06889604750743719,"120":0.13680158520272667,"121":0.07824608239030056,"122":0.2055116390218217,"123":0.2056771856104984,"124":0.22170496144509624,"125":0.20571404862665144,"126":0.2478520428931423,"127":0.24999744152232403,"128":0.23964250661193517,"129":0.2455741788925584,"130":0.2464641490244362,"131":0.24680398559027017,"132":0.24816018790313363,"133":0.24869239361479256,"134":0.24885920183310536,"135":0.24832728209655067,"136":0.24800087944934357,"137":0.24868243016967462,"138":0.24858720441743573,"139":0.24863496163130144,"140":0.24828724460043544,"141":0.24865351427342544,"142":0.24915328570058767,"143":0.24888339493461992,"144":0.24882241981466263,"145":0.24889859069591544,"146":0.24913723705508425,"147":0.24722518092601686,"148":0.2480369073035447,"149":0.24852357860775265,"150":0.24837348512871446,"151":0.24839408195197157,"152":0.2486901654767703,"153":0.24600972923662434,"154":0.24883875810827652,"155":0.24904933215228597,"156":0.2473612190488358,"157":0.2481580174329788,"158":0.24915572357948576,"159":0.24898661538929995,"160":0.24267418533933158,"161":0.24725075894724438,"162":0.2481332045729625,"163":0.24854830230801706,"164":0.24622829978200253,"165":0.24785117111679084,"166":0.24767696650478885,"167":0.2475818852056909,"168":0.24767252015388996,"169":0.24692495816702836,"170":0.24792445010784842,"171":0.24875756411787234,"172":0.24843915936811023,"173":0.24774520787100576,"174":0.24810344816993057,"175":0.24841481705629465,"176":0.2470092455779297,"177":0.24775448788990082,"178":0.24806075960536395,"179":0.24787706924154498,"180":0.24792172764647824,"181":0.24767212213857448,"182":0.2488789173038074,"183":0.24806166280218217,"184":0.24459871528413066,"185":0.24722087290733363,"186":0.24732852700859465,"187":0.24750762867877849,"188":0.24753973685120342,"189":0.2478917737044332,"190":0.247855017194797,"191":0.24811172990540561,"192":0.24971298026606706,"193":0.24979036526883933,"194":0.2427628114175994,"195":0.2430437244444179,"196":0.24862929897522268,"197":0.24910672398466543,"198":0.24968333972766493,"199":0.24971375135754403,"200":0.24968135806839034,"201":0.2496011004274691,"202":0.2496004076404204,"203":0.2497189445914136,"204":0.2496105640921814,"205":0.24977746446258597,"206":0.24796439121196953,"207":0.24916711785845536,"208":0.24258005003366612,"209":0.24639234862180928,"210":0.24964457352056713,"211":0.24960745852902494,"212":0.24975156545914898,"213":0.24976623977423693,"214":0.24946500350378137,"215":0.24821713982705876,"216":0.24733687424945636,"217":0.2485160169041049,"218":0.24972332415151402,"219":0.2495882130401216,"220":0.24987177553438344,"221":0.2499117868596478,"222":0.2499281508349445,"223":0.24987752554469653,"224":0.24304382722096493,"225":0.2487086210213954,"226":0.24100123449969743,"227":0.24469631074009632,"228":0.24792862564765794,"229":0.24624901699682317,"230":0.24658082014367164,"231":0.24775141717493016,"232":0.24812536089456474,"233":0.24842371577138597,"234":0.24936851283774597,"235":0.2490888100010464,"236":0.24870172750815722,"237":0.2492172118136196,"238":0.24981795353192093,"239":0.24894663580286633,"240":0.24983078882233858,"241":0.24983567644084137,"242":0.24983489520194135,"243":0.24977986452850204,"244":0.249934884495501,"245":0.2499176749560615,"246":0.24983292298042006,"247":0.24985434355460293,"248":0.2498660849508303,"249":0.24988780535806723,"250":0.24981034360556803,"251":0.24987063696773326,"252":0.24985175891665506,"253":0.2498496680327198,"254":0.24986894011789293,"255":0.2499679509861746}