{"0":0.24880266891748157,"1":0.24998648175074595,"2":0.24999290254121936,"3":0.2499882803773301,"4":0.24982230711882158,"5":0.24998472053760182,"6":0.24999242924255244,"7":0.24997578522461916,"8":0.2499998606458819,"9":0.01049219861125164,"10":0.021474457450953565,"11":0.2499907494242727,"12":0.24799194654143078,"13":0.04761859124637757,"14":0.24998168625593817,"15":0.24999290254121936,"16":0.24999524534734432,"17":0.24999290254121936,"18":0.2499843351086848,"19":0.2499783323138732,"20":0.24997560562067647,"21":0.24999518212224617,"22":0.2499833378746023,"23":0.24999246468774555,"24":0.24999046932190327,"25":0.24998923824990335,"26":0.24998457617210865,"27":0.24998074025388453,"28":0.2499926799083494,"29":0.2499908572428027,"30":0.2499927829644089,"31":0.24984280177141954,"32":0.00396039627492614,"33":0.16931349440566795,"34":0.016450680845093938,"35":0.12642515781504307,"36":0.18567037765041752,"37":0.18029990982872451,"38":0.13474803192090098,"39":0.09818554786103427,"40":0.031211536883265455,"41":0.031252094686403,"42":0.08129483347391667,"43":0.14705833596598358,"44":0.05163874363431157,"45":0.03230881886832998,"46":0.02475534952101641,"47":0.029740770821677833,"48":0.041518308123101574,"49":0.06588406265678064,"50":0.06850079838344839,"51":0.10059218924496433,"52":0.1043824954836699,"53":0.10161876858250589,"54":0.11521476840675136,"55":0.13643898337274896,"56":0.12848628114001648,"57":0.1166155154298946,"58":0.034576656396698296,"59":0.03327513628528407,"60":0.0493252747525562,"61":0.0306086712955774,"62":0.04889741903428435,"63":0.1924316086284767,"64":0.22628681444348475,"65":0.13492081528878197,"66":0.17746768646041672,"67":0.13385506958259022,"68":0.1508509810350472,"69":0.14389833982936112,"70":0.1608926649472865,"71":0.18825176162445412,"72":0.1846687441457978,"73":0.14910955246241958,"74":0.2141761678311491,"75":0.21617197728331536,"76":0.15951082011103682,"77":0.15744002096706897,"78":0.1555517491219749,"79":0.1608902936216325,"80":0.15211695169064776,"81":0.2098303397143511,"82":0.15281798880218628,"83":0.12379840674641036,"84":0.13541168905960863,"85":0.188514256918545,"86":0.2071960453803272,"87":0.1995433966241145,"88":0.2053271543320871,"89":0.20806792646728461,"90":0.22349719194627338,"91":0.1536472232465466,"92":0.19293538458610274,"93":0.1536590670650868,"94":0.23733822020764583,"95":0.07491143221063828,"96":0.2460524134539044,"97":0.01688068773060878,"98":0.04910236886570365,"99":0.03268913307664226,"100":0.030233741145728018,"101":0.011447523974679066,"102":0.04887804685600585,"103":0.04864463200807822,"104":0.04419228944529291,"105":0.018006650156507955,"106":0.15488195936503815,"107":0.11162587721608366,"108":0.025862001959181466,"109":0.05002511179602659,"110":0.022997097007580118,"111":0.022178412654712907,"112":0.03557298630397608,"113":0.18875634433812313,"114":0.022210864089424964,"115":0.022853992130741376,"116":0.015755171938048634,"117":0.04623880667517545,"118":0.0675282936622023,"119":0.08089369557505766,"120":0.06979575239104123,"121":0.08026628887238366,"122":0.1704110330958952,"123":0.06593906897831132,"124":0.15243479561753012,"125":0.06597370163613012,"126":0.24632232218547512,"127":0.24997621863669559,"128":0.24637495991519,"129":0.24890918844960913,"130":0.24888903772189885,"131":0.24905575400322216,"132":0.2494905450951287,"133":0.24954950064324222,"134":0.2495778510144323,"135":0.24963919305609159,"136":0.24945793417182,"137":0.24961279340679268,"138":0.2496242983061837,"139":0.24958394253935878,"140":0.24949192662457093,"141":0.2496564441707489,"142":0.24964244445339842,"143":0.24958045055172867,"144":0.24968413302280798,"145":0.24964580680774737,"146":0.2497354021378399,"147":0.2491391967361687,"148":0.24925528143889006,"149":0.24969901036209377,"150":0.24952257641380135,"151":0.24967632290978461,"152":0.2495806628739581,"153":0.24868462342108544,"154":0.24957277639898567,"155":0.24969091751291458,"156":0.24909021804607678,"157":0.24926357207936028,"158":0.24976364621809577,"159":0.2497032017446831,"160":0.24932775164573057,"161":0.24910144978088078,"162":0.24966901714763226,"163":0.24963934063698495,"164":0.2491087863648082,"165":0.24948051583196884,"166":0.24936949854599721,"167":0.24938190059176302,"168":0.24922106784207423,"169":0.24763331470113187,"170":0.24950372939756296,"171":0.24952421675175263,"172":0.2495565496291282,"173":0.24934181966929522,"174":0.24939955763275948,"175":0.24949265546172947,"176":0.24916199860144483,"177":0.24935091532933754,"178":0.24956370278932544,"179":0.24937049844308712,"180":0.2495279641503015,"181":0.24935327784297598,"182":0.24959433727844293,"183":0.24952496127275234,"184":0.24914868078181457,"185":0.24941507442103608,"186":0.24914507505627573,"187":0.24730268877844142,"188":0.2491630812178203,"189":0.24928967967429858,"190":0.24943490827521167,"191":0.24779254118400304,"192":0.249904324100069,"193":0.2499456140294025,"194":0.24814337456704166,"195":0.24647627909017386,"196":0.24964394763829253,"197":0.24965332112797886,"198":0.24993435988571638,"199":0.24985068231387733,"200":0.24992693459668502,"201":0.24990392287826213,"202":0.2498645887619728,"203":0.24991455806203525,"204":0.24989184618464613,"205":0.24990360904379574,"206":0.24938874891155396,"207":0.24968818725112152,"208":0.24884391102425749,"209":0.2494344325847771,"210":0.24990299663279267,"211":0.2498827875300077,"212":0.24996064002859372,"213":0.24989858741205118,"214":0.24993272850229495,"215":0.24988330849825596,"216":0.24940779420968726,"217":0.24957357422349877,"218":0.24990735315541385,"219":0.24993498679334306,"220":0.2499608288790813,"221":0.2499621946519482,"222":0.2499733325084394,"223":0.24998601275761517,"224":0.24965244947941018,"225":0.24986933636811498,"226":0.24671971485948738,"227":0.24842000042467724,"228":0.24916246279182394,"229":0.24845123096873825,"230":0.2488714109535335,"231":0.24908102388259631,"232":0.2491911710214765,"233":0.24917959661620237,"234":0.24987283673651428,"235":0.2497714278444349,"236":0.24963628200263419,"237":0.24979458433756918,"238":0.24984526939879004,"239":0.2478269950243636,"240":0.2499090262748184,"241":0.24994145622654595,"242":0.24995873612346772,"243":0.2499293177564025,"244":0.24995234547749978,"245":0.24995354548343243,"246":0.24994044239174215,"247":0.24996420040147213,"248":0.24991416653053558,"249":0.24995166940263738,"250":0.24996574111356426,"251":0.24997632655910304,"252":0.24985724858264954,"253":0.24995735610930944,"254":0.2499657469631358,"255":0.24997298547240832}