{"0":1.4067109787678514E-4,"1":1.6851493991896068E-6,"2":8.871949380205616E-7,"3":1.3607285060368502E-6,"4":2.221950758863859E-5,"5":1.7743898760411233E-6,"6":9.110413505269191E-7,"7":3.0269935279362847E-6,"8":1.7419266966936444E-8,"9":0.112098011761567,"10":0.21501820608284558,"11":4.2947473363708854E-7,"12":2.38492389159547E-4,"13":0.04911224356914628,"14":2.2859942876369683E-6,"15":8.871949380205616E-7,"16":5.943372209891124E-7,"17":8.871949380205616E-7,"18":1.6968325482020177E-6,"19":2.369445579274085E-6,"20":2.7103461545527966E-6,"21":6.022405256714739E-7,"22":1.7419783107015507E-6,"23":6.026270931999904E-7,"24":1.1913574667721322E-6,"25":1.3192209297390608E-6,"26":1.5832287245708735E-6,"27":2.4018196976933073E-6,"28":9.150248413492525E-7,"29":1.1394239417737063E-6,"30":9.021424785685617E-7,"31":1.961834493774908E-5,"32":0.764882848545525,"33":0.01150557372036404,"34":0.1365053116142326,"35":0.020346357958149437,"36":0.008144376895617936,"37":0.009193682494867874,"38":0.0191849628657946,"39":0.03125390366611939,"40":0.08783104944575822,"41":0.08789281524655575,"42":0.041209692668152074,"43":0.015290659499385973,"44":0.07725406287468929,"45":0.1435895793235917,"46":0.19219670104595116,"47":0.13237357858690116,"48":0.11230677460968433,"49":0.07727101549702903,"50":0.06042014409553224,"51":0.03979362408538956,"52":0.03521904145067537,"53":0.03512119435573098,"54":0.028085704770942473,"55":0.02283144243981462,"56":0.024871052511238518,"57":0.028447455576394047,"58":0.11405667993695853,"59":0.10596710732511042,"60":0.058892953211320494,"61":0.10403153081108704,"62":0.06043164102989503,"63":0.007066215152009947,"64":0.002465576468136029,"65":0.026644380518617377,"66":0.011749592946062253,"67":0.026875262089794343,"68":0.019938000388777296,"69":0.021292563257727,"70":0.016465267119487426,"71":0.009526133766994231,"72":0.010141021404863539,"73":0.02001669195231752,"74":0.004367716031501283,"75":0.004162755957721326,"76":0.016933419937413652,"77":0.017895576964999032,"78":0.01681498335524919,"79":0.016266909915676326,"80":0.019284806891786,"81":0.004981351556495243,"82":0.01858853520643632,"83":0.030506539245512665,"84":0.026337176174904702,"85":0.009310436410649017,"86":0.00553624893226197,"87":0.006970705806862683,"88":0.0055715070908769464,"89":0.005178495036393647,"90":0.0029698360581718874,"91":0.014370361826571672,"92":0.007054688204292434,"93":0.014368175099624417,"94":0.0010943429060677901,"95":0.04559341706962568,"96":4.118927131447101E-4,"97":0.3836323774233862,"98":0.09876422160120861,"99":0.21168145773734595,"100":0.2273499824432304,"101":0.5303174785700836,"102":0.13286512368806594,"103":0.13884894534519426,"104":0.14862768216411,"105":0.3793661617598165,"106":0.016672756158285593,"107":0.035954273887876254,"108":0.2526508759260227,"109":0.13631459711435623,"110":0.33392193839893425,"111":0.3464888015809203,"112":0.19253218779505168,"113":0.008971811157275284,"114":0.3215824948521235,"115":0.29922802575305224,"116":0.4589079506873946,"117":0.146102785755986,"118":0.07679227388956414,"119":0.06627054034194677,"120":0.058537661306127343,"121":0.06486445323638909,"122":0.012936505019769097,"123":0.048670143833490234,"124":0.014150248937223803,"125":0.04863906449628534,"126":3.4837331849078964E-4,"127":1.7093094632193222E-6,"128":2.7099574431075133E-4,"129":1.0518460198097402E-4,"130":1.0555001380901503E-4,"131":9.446750471375191E-5,"132":4.148384754097099E-5,"133":3.6035507317632195E-5,"134":3.258171195544082E-5,"135":2.5335681806770097E-5,"136":4.402385294447718E-5,"137":3.1048914384684375E-5,"138":2.90889568040212E-5,"139":3.553841853889873E-5,"140":4.32519631136541E-5,"141":2.685112063398198E-5,"142":2.9494290992212042E-5,"143":3.2313210843907214E-5,"144":2.3984274252383193E-5,"145":2.8473658384664943E-5,"146":2.2825900059066082E-5,"147":6.634730266204238E-5,"148":5.576143426871381E-5,"149":2.2852877419084367E-5,"150":3.674944379509812E-5,"151":2.6221863793472458E-5,"152":3.0400765118722076E-5,"153":8.787848916817953E-5,"154":3.3501284826997664E-5,"155":2.4667627906190597E-5,"156":6.608954223251088E-5,"157":5.070705706929095E-5,"158":1.7719177771569107E-5,"159":2.381701881371662E-5,"160":4.910567543357587E-5,"161":6.844079286840409E-5,"162":2.399871925693417E-5,"163":2.6585289479562127E-5,"164":7.324340682402331E-5,"165":3.8587600467320664E-5,"166":4.718059030561508E-5,"167":4.745566857946484E-5,"168":6.250435100073668E-5,"169":2.049930897166018E-4,"170":3.494085768672274E-5,"171":3.644606344162602E-5,"172":3.385169371329927E-5,"173":4.7694221496532305E-5,"174":4.832887508762702E-5,"175":4.0059002003751566E-5,"176":5.945122325994455E-5,"177":5.193774273672856E-5,"178":2.7705960552539357E-5,"179":4.674619501768923E-5,"180":3.0139259553595017E-5,"181":5.172588520485846E-5,"182":2.601804018978124E-5,"183":3.6922599956522576E-5,"184":6.219375488065165E-5,"185":4.1467217824561395E-5,"186":6.194680863095628E-5,"187":2.5424160106025294E-4,"188":6.375761870212265E-5,"189":5.46662522049525E-5,"190":4.308134819377893E-5,"191":2.190418583301314E-4,"192":5.231673455677849E-6,"193":3.076584728609686E-6,"194":1.5082066945108728E-4,"195":3.0128858119045127E-4,"196":2.407845195929494E-5,"197":2.281204722305749E-5,"198":3.6946252853172184E-6,"199":1.4516383421429966E-5,"200":5.881180455959362E-6,"201":9.059396260135049E-6,"202":1.2800092547660664E-5,"203":7.44726871016251E-6,"204":8.450108317286493E-6,"205":9.137638784475186E-6,"206":6.617991714638141E-5,"207":3.0195666339932167E-5,"208":1.2123188605935083E-4,"209":5.1471028823895706E-5,"210":6.69225511549622E-6,"211":9.039992838261487E-6,"212":3.2076024437859327E-6,"213":7.45856454066593E-6,"214":4.338963857663777E-6,"215":8.217156789931095E-6,"216":6.223896567394189E-5,"217":4.469461288881355E-5,"218":5.13397579242974E-6,"219":4.775873586697216E-6,"220":2.317791101299493E-6,"221":2.2083973595619366E-6,"222":8.689429578141547E-7,"223":9.890062416691705E-7,"224":2.7189357294023378E-5,"225":1.102155813740578E-5,"226":2.381654773402275E-4,"227":1.7287811359759857E-4,"228":7.951186687480453E-5,"229":1.5963650582262053E-4,"230":1.1029386739392738E-4,"231":8.807265726572998E-5,"232":7.509105731532069E-5,"233":6.90792509365215E-5,"234":1.1688523463294562E-5,"235":2.0422918183078006E-5,"236":3.322737764465459E-5,"237":1.7204888704768237E-5,"238":1.5318957277736387E-5,"239":2.1668899516982001E-4,"240":7.788036293741176E-6,"241":6.111491782112497E-6,"242":3.4048626449867974E-6,"243":3.985416416252998E-6,"244":1.433997222170458E-6,"245":3.2782923236333683E-6,"246":2.444030569208234E-6,"247":2.191065140161526E-6,"248":5.173763565792105E-6,"249":3.4008782862417107E-6,"250":2.081558016981212E-6,"251":1.8490923145357704E-6,"252":6.441872315846344E-6,"253":2.486148756014183E-6,"254":2.7017605262559796E-6,"255":3.3475132839531346E-6}