{"0":1.9535529970081422E-5,"1":2.1340927813863556E-8,"2":4.342180180354663E-8,"3":4.548915287870652E-7,"4":5.570818372315626E-10,"5":0.0,"6":0.0,"7":2.886518630986765E-8,"8":4.413909895071667E-9,"9":0.0813637246050075,"10":0.15016221157224705,"11":7.091706821626525E-7,"12":1.714516745127791E-7,"13":0.027575145051759613,"14":9.55469069157638E-8,"15":9.601020792120418E-8,"16":4.650903148363259E-8,"17":9.053834543835432E-9,"18":1.0005215706062463E-8,"19":1.3996444847750203E-8,"20":5.1122797617558805E-9,"21":4.528280801216541E-8,"22":4.056717497543766E-8,"23":4.526917271917716E-9,"24":1.4129406213959893E-8,"25":6.844875269050594E-8,"26":3.056170672425145E-8,"27":4.265153228036621E-6,"28":5.61484772468959E-9,"29":1.21931993431427E-8,"30":1.1507354591974124E-8,"31":9.540772577811354E-9,"32":0.8868119078031668,"33":0.0094698574834436,"34":0.2551989952782495,"35":0.007036378075041044,"36":9.887499489579935E-4,"37":0.010055336446683829,"38":0.01681786498391942,"39":0.02645359972388085,"40":0.019153494785477496,"41":0.019163123922136656,"42":0.002704291838274737,"43":0.007626293948518691,"44":0.029214943811753873,"45":0.1125392706067918,"46":0.11195911425737246,"47":0.27073023848012295,"48":0.06251004317324145,"49":0.05482946665566206,"50":0.046141223433210914,"51":0.02798953795527576,"52":0.01944779995859516,"53":0.02032087229439742,"54":0.015932859820483994,"55":0.015820586690914493,"56":0.016728328684097637,"57":0.016425833092748286,"58":0.0444900478006467,"59":0.029790916597471538,"60":0.2477448795916712,"61":0.1601230021318026,"62":0.24804560028840933,"63":0.008341676727138547,"64":0.0010620926133177086,"65":0.027809516468368625,"66":0.014970679445614173,"67":0.028421554083152084,"68":0.02688427655641722,"69":0.03030284204519247,"70":0.021917267458032998,"71":0.009902349811534133,"72":0.01898800817085293,"73":0.022863424458002688,"74":0.0038358305152958318,"75":0.0034965694124720853,"76":0.024120183032102078,"77":0.025798027374048998,"78":0.01644242453249091,"79":0.01799982267888285,"80":0.024975076767535884,"81":0.0025740345722996757,"82":0.019292403915998367,"83":0.024818906739927458,"84":0.041813022757050906,"85":0.011886821096672884,"86":0.005165218247253055,"87":0.007183100660973298,"88":0.002680179048666706,"89":0.009604311022936435,"90":0.0027608041601507724,"91":0.005454617492087323,"92":0.006210434683064062,"93":0.0054596434102380485,"94":2.996783905163489E-4,"95":0.03355170666782182,"96":5.812007738920906E-5,"97":0.3966642198547045,"98":0.0889810446751948,"99":0.21362504711435604,"100":0.22660614448547808,"101":0.5238587577144441,"102":0.09466365224784916,"103":0.1059059582731865,"104":0.18405725134382747,"105":0.3429863515620959,"106":0.018959993197281016,"107":0.031129058270718733,"108":0.26252859856274796,"109":0.14777653396479762,"110":0.27690939113269564,"111":0.30013364651894753,"112":0.1710464126735639,"113":0.007699078261523111,"114":0.3017571377400584,"115":0.3185653570742879,"116":0.4438484187315051,"117":0.1208891953592544,"118":0.07725114427821728,"119":0.08039962511842853,"120":0.029821382665863677,"121":0.07159771356686964,"122":0.006730403447392667,"123":0.006331434461354016,"124":0.0033158760207478476,"125":0.006323835504100375,"126":1.7397635668893008E-4,"127":2.899037972492021E-7,"128":9.665529852811786E-4,"129":4.406964011690248E-4,"130":3.3973144886083724E-4,"131":3.1204170731485116E-4,"132":1.577069141875406E-4,"133":9.841068498273683E-5,"134":8.345877815444107E-5,"135":1.3138394229089852E-4,"136":1.6375948071192277E-4,"137":1.0255924431247137E-4,"138":1.1536944592901481E-4,"139":1.0972948161405898E-4,"140":1.4133546256200194E-4,"141":1.0871192288798973E-4,"142":6.15205480696723E-5,"143":8.637359562376241E-5,"144":8.741924408949212E-5,"145":8.527270740613286E-5,"146":6.13682709173851E-5,"147":2.1573996128822166E-4,"148":1.599879034659174E-4,"149":1.2198584189576354E-4,"150":1.2735548320135252E-4,"151":1.2575750410185775E-4,"152":9.850928129410086E-5,"153":3.27206005031394E-4,"154":8.878655811897732E-5,"155":6.991368346747296E-5,"156":2.2461876007065555E-4,"157":1.4628861729325032E-4,"158":6.34462713202123E-5,"159":7.388705402545772E-5,"160":6.366846412254674E-4,"161":2.4744774133304555E-4,"162":1.4308029045244125E-4,"163":1.2586549238266666E-4,"164":3.740150456250523E-4,"165":1.9316111327366003E-4,"166":2.0449129994956066E-4,"167":2.035027193530044E-4,"168":2.0541199999594284E-4,"169":2.764937686182146E-4,"170":1.785485781070053E-4,"171":1.0262569541440538E-4,"172":1.3433447037293505E-4,"173":1.8761530941316168E-4,"174":1.6883415995563438E-4,"175":1.291794829170021E-4,"176":2.621983764223233E-4,"177":1.8954818872848794E-4,"178":1.631305712865877E-4,"179":1.7584519489465794E-4,"180":1.7611187316902085E-4,"181":2.0816040299350753E-4,"182":8.856690905552516E-5,"183":1.462220294696882E-4,"184":5.493221919408673E-4,"185":2.4399782771555793E-4,"186":2.2834390666806817E-4,"187":2.1191114020705328E-4,"188":2.1561133343868377E-4,"189":1.813470869903986E-4,"190":1.8298591445031125E-4,"191":1.6076761461028132E-4,"192":2.6518013852503115E-5,"193":1.6927493645958714E-5,"194":6.38084468303136E-4,"195":6.4878958109598E-4,"196":1.2099896905720271E-4,"197":7.176497462629323E-5,"198":2.635832971317388E-5,"199":2.6623305303524435E-5,"200":2.747040545847191E-5,"201":3.218865934768924E-5,"202":3.558127997152618E-5,"203":2.3380083435060333E-5,"204":3.3749736030555085E-5,"205":1.7995148317721572E-5,"206":1.977336056095719E-4,"207":8.261840197698047E-5,"208":7.708391386410084E-4,"209":3.408796576832141E-4,"210":3.300460049998151E-5,"211":3.9141161820522683E-5,"212":2.2980769414350903E-5,"213":1.8864477802969476E-5,"214":4.414491290114919E-5,"215":1.7217874927957867E-4,"216":2.4001575805532424E-4,"217":1.4037045918635887E-4,"218":2.3856758255452496E-5,"219":3.3941340293396515E-5,"220":9.904655598833353E-6,"221":6.546114042312933E-6,"222":5.333488882893989E-6,"223":1.0020187344277435E-5,"224":7.359433057462154E-4,"225":1.1431065708411515E-4,"226":7.896715291394169E-4,"227":5.962298696702312E-4,"228":1.862305689706635E-4,"229":3.7890206268977413E-4,"230":3.3782915779594227E-4,"231":2.1509348095124475E-4,"232":1.6951290342287256E-4,"233":1.3542538828371735E-4,"234":5.7124638281843094E-5,"235":9.394118426048693E-5,"236":1.4249525974072846E-4,"237":7.34391306857649E-5,"238":1.4512284114590057E-5,"239":7.910669022498083E-5,"240":1.2193624318027972E-5,"241":1.2831684065837913E-5,"242":1.4372031122004527E-5,"243":1.71321173311588E-5,"244":5.12001007802804E-6,"245":5.288193226852911E-6,"246":1.3512686634047389E-5,"247":1.232988240965115E-5,"248":9.730004837890634E-6,"249":9.294986372613097E-6,"250":1.596085991725392E-5,"251":1.086873311215885E-5,"252":1.1412304197512478E-5,"253":1.1564641206206713E-5,"254":1.077357604288705E-5,"255":2.2085898428173492E-6}