{"0":0.20315303728072417,"1":0.012911544813111405,"2":0.019509702292383718,"3":0.019796882725910563,"4":0.04177759654718559,"5":0.016308925667152606,"6":0.048828450633275435,"7":0.04200227512002874,"8":0.03664520357640121,"9":0.05238925570594033,"10":0.0474256615313003,"11":0.0377516895708627,"12":0.05461297488989296,"13":0.05410770068635653,"14":0.052812127808806585,"15":0.0375943593057619,"16":0.04602403544147187,"17":0.0539239630695694,"18":0.05505038810763887,"19":0.058935027009428584,"20":0.05297050581925736,"21":0.056626378876532504,"22":0.05801836380555558,"23":0.05541048889322526,"24":0.054463744260227966,"25":0.060787207220562814,"26":0.06007141680165964,"27":0.055940415254871124,"28":0.057194773706247766,"29":0.05724610142841071,"30":0.05611544865078041,"31":0.055070942683099186,"32":0.021976564018465487,"33":0.048368281157508006,"34":0.05421109735214929,"35":0.05857155092768394,"36":0.05899246850081053,"37":0.06179196999817249,"38":0.061751909288254275,"39":0.06127374499387856,"40":0.059988100597797786,"41":0.06284440970030626,"42":0.061083455921662574,"43":0.05911110836545467,"44":0.06050109466242357,"45":0.0520069234854764,"46":0.05944657668640839,"47":0.05547611958890891,"48":0.04931853400232941,"49":0.05208387209516248,"50":0.057592186506474456,"51":0.06062581864543268,"52":0.05568961884242329,"53":0.06260414274342989,"54":0.06180595884013244,"55":0.059490630594745596,"56":0.056735524481491696,"57":0.06070348805636548,"58":0.05662830755283879,"59":0.060356001912641434,"60":0.06113580873698978,"61":0.04824434881686087,"62":0.05604474961748131,"63":0.06217246768013844,"64":0.048710730292170476,"65":0.05128965135556962,"66":0.05701362575569828,"67":0.05972628814381184,"68":0.05301421468581012,"69":0.06379465567902914,"70":0.06309500572884846,"71":0.06370944600769465,"72":0.05967173445631609,"73":0.061732901961701704,"74":0.06474703449541266,"75":0.06422775879746656,"76":0.061353607504879865,"77":0.05932940651214151,"78":0.06478297573031383,"79":0.06145163484348984,"80":0.0630110254636788,"81":0.06558659399840276,"82":0.0633626946367791,"83":0.06095160391634827,"84":0.062250381468920805,"85":0.06400425376038375,"86":0.059404909857931204,"87":0.06214960508448688,"88":0.059240893873848864,"89":0.06379545875279864,"90":0.05858335174716798,"91":0.06194403025178312,"92":0.06302011113116335,"93":0.0592793908086971,"94":0.06596524785062528,"95":0.054305287087057376,"96":0.06055815589272269,"97":0.04777759488683763,"98":0.0577345726939014,"99":0.053016098575859386,"100":0.05202847044067056,"101":0.047943354203998645,"102":0.05381620448882719,"103":0.06087738141951724,"104":0.05300155616962194,"105":0.05262586958451373,"106":0.0644437491317606,"107":0.05873875537530436,"108":0.05686687572925627,"109":0.05014269347206843,"110":0.052213108392706535,"111":0.04803997028066286,"112":0.04838814651817803,"113":0.06250631339455405,"114":0.051939975090251465,"115":0.05203558342382383,"116":0.04918806654153652,"117":0.05960974363675535,"118":0.05704089731891741,"119":0.05838687555515165,"120":0.05278675216856974,"121":0.056005622187149925,"122":0.06017654723289,"123":0.06011361081675426,"124":0.055493610872936645,"125":0.05784546385503821,"126":0.057254943671514895,"127":0.05580451223959849,"128":0.04948185776178091,"129":0.05766728150756361,"130":0.06044019830970164,"131":0.059870375769633784,"132":0.05894006604528102,"133":0.061074346205859234,"134":0.06033675722904392,"135":0.06117689315587431,"136":0.05924070617810682,"137":0.06169832972409941,"138":0.06251078178778294,"139":0.06394069301491856,"140":0.06288713659312244,"141":0.06463530587881984,"142":0.06698137962214004,"143":0.06327603537068754,"144":0.057916096979705525,"145":0.066141736179904,"146":0.06521896710357394,"147":0.06421729365222663,"148":0.06432239184525597,"149":0.06540059908854853,"150":0.055109233496587064,"151":0.060602560306175564,"152":0.062305483133878216,"153":0.06257566782001885,"154":0.05756305691774171,"155":0.059560532597497905,"156":0.06288497829547703,"157":0.0617537101657208,"158":0.05748119154467581,"159":0.0458691698972037,"160":0.04093765493018917,"161":0.05853999795769383,"162":0.06287071435519702,"163":0.06053881624854116,"164":0.062428578633100994,"165":0.0646103887284233,"166":0.06340827453724406,"167":0.06174429639348281,"168":0.06429155134545844,"169":0.06261300183281504,"170":0.06351501379974495,"171":0.06256158649548448,"172":0.06383460488607418,"173":0.06439114911999973,"174":0.061682827071052035,"175":0.06233772558972783,"176":0.05996334656152254,"177":0.0631920613414481,"178":0.06521374376474055,"179":0.06638685746057744,"180":0.06275744968994702,"181":0.06448783104865749,"182":0.06279636647047904,"183":0.06220130202837745,"184":0.05536834813284789,"185":0.06275895431651857,"186":0.06020124524734487,"187":0.05787875084920158,"188":0.062187667324249504,"189":0.055764504744247,"190":0.04727322105933506,"191":0.05029934226845069,"192":0.047323805218270364,"193":0.05251203658001855,"194":0.04801824726471331,"195":0.04948114146236588,"196":0.06298082283927423,"197":0.06531621371837963,"198":0.06252860712787646,"199":0.06270134939135853,"200":0.06176236861304298,"201":0.06662392848888153,"202":0.06597405564662223,"203":0.06288405383997099,"204":0.06291031593158866,"205":0.0663038846762331,"206":0.06183554496276006,"207":0.05441490936490951,"208":0.05166128228823416,"209":0.06298880379631334,"210":0.059698147407034836,"211":0.06157637952568945,"212":0.06637545969916617,"213":0.0664396861694473,"214":0.06202076700607663,"215":0.058426163614925905,"216":0.06270811289864762,"217":0.06533500104443318,"218":0.06358784477749675,"219":0.06089271933513935,"220":0.0577140722687383,"221":0.05570435219862393,"222":0.05787217584616668,"223":0.058285214059333845,"224":0.053824016025312525,"225":0.057315806558792724,"226":0.060953711324493745,"227":0.060399761732676936,"228":0.06478547934742827,"229":0.06327774694843771,"230":0.06450398514402426,"231":0.05747176096925586,"232":0.05653858837982809,"233":0.06424343588252282,"234":0.06272685261273839,"235":0.06145425764483832,"236":0.06643421666607255,"237":0.06426410724166103,"238":0.06112096319712436,"239":0.059555238367973044,"240":0.055858532285667624,"241":0.06049834606970821,"242":0.06455264899972003,"243":0.06065790999348072,"244":0.06256367942494495,"245":0.06029093790428444,"246":0.06481002851928688,"247":0.060650613901451614,"248":0.059598912650296314,"249":0.03640125808626568,"250":0.06274306245679379,"251":0.06089458440123232,"252":0.06158790031296566,"253":0.05964817199837282,"254":0.05713998418468424,"255":0.030772713720910196}