{"0":0.994622095174648,"1":0.2652362125235081,"2":0.10965431088699484,"3":0.1169272738109256,"4":0.07425658040066416,"5":0.13147967105840278,"6":0.06911246086085168,"7":0.0726849187232939,"8":0.1149826770253774,"9":0.06644780623441798,"10":0.06787267102460973,"11":0.07233059666157111,"12":0.06381251818685131,"13":0.0606480554067409,"14":0.0651440378599173,"15":0.08200186906690492,"16":0.06858489235466603,"17":0.06099749954373261,"18":0.05956292859064659,"19":0.0573798852413847,"20":0.060906377401646165,"21":0.0595162271445887,"22":0.05835067762957393,"23":0.059688822404421166,"24":0.061782692466502934,"25":0.05562623966744328,"26":0.05589874339855272,"27":0.05859234487737426,"28":0.058227725768566614,"29":0.05658965119341854,"30":0.05727916256815925,"31":0.059563312427775475,"32":0.12850446199171553,"33":0.06484793746746657,"34":0.06166309886398129,"35":0.0573523432772747,"36":0.05786627648733417,"37":0.05517477638974322,"38":0.054965627607455915,"39":0.05561911923874899,"40":0.05653682620729692,"41":0.05348851063156306,"42":0.05639667579566118,"43":0.05630509453955494,"44":0.05535778350993156,"45":0.06150464323633738,"46":0.0575037722775804,"47":0.059611147121795015,"48":0.06741429574720917,"49":0.06274324042794015,"50":0.058777663599406164,"51":0.05610663691688848,"52":0.05899569765928551,"53":0.05666667695337783,"54":0.055971434793758705,"55":0.05752190683268906,"56":0.05829795478710366,"57":0.05525919330866065,"58":0.05999203828730262,"59":0.05466332204237066,"60":0.05523147669985774,"61":0.06482548109849548,"62":0.058118934546091586,"63":0.05645319733503854,"64":0.06361163724574269,"65":0.06157514178769396,"66":0.05767741112847986,"67":0.05593090017384722,"68":0.0619445582933045,"69":0.054998918590884696,"70":0.05503879639116364,"71":0.05385457366155544,"72":0.05703131913195562,"73":0.055407285796941694,"74":0.053711311330913315,"75":0.05335348421565529,"76":0.055141620516129246,"77":0.057850117595975074,"78":0.05435287796925859,"79":0.055726771690543644,"80":0.05494923092022926,"81":0.05397858047118668,"82":0.054067530500873075,"83":0.05506041573374723,"84":0.05649133615046588,"85":0.05658556274894028,"86":0.05688688117726031,"87":0.05517574594485189,"88":0.05681676707518185,"89":0.05273932545832599,"90":0.05791041549924939,"91":0.05587919997031287,"92":0.05442689678425967,"93":0.056504575712720766,"94":0.052089917363700604,"95":0.06147028425191386,"96":0.05676131384447141,"97":0.06597107827431488,"98":0.05825147561031886,"99":0.06224996391145952,"100":0.06691304473629142,"101":0.06817765830068737,"102":0.05989506933368447,"103":0.05416453364028076,"104":0.060507726773931576,"105":0.06418291211749153,"106":0.05441956482622196,"107":0.0587694113125284,"108":0.05909720501994454,"109":0.06639414767976155,"110":0.06332274153854552,"111":0.0657520217655197,"112":0.06493783383152656,"113":0.05447805716743862,"114":0.063171298475869,"115":0.0650117918453301,"116":0.06834720528481648,"117":0.05713549159546346,"118":0.058755416280908086,"119":0.058683905550905795,"120":0.061289029130407284,"121":0.05744533174741974,"122":0.05561345130983373,"123":0.05654393329459959,"124":0.05868146783584863,"125":0.05724979236782433,"126":0.05771231541733567,"127":0.06247972837879804,"128":0.06429732606486364,"129":0.05641826148595489,"130":0.05529128246786881,"131":0.05557601045026184,"132":0.0559339586719371,"133":0.05447487089065819,"134":0.054771360773380136,"135":0.053927813592234405,"136":0.05623257252408461,"137":0.054977514239154146,"138":0.05482376361237426,"139":0.05297470654597491,"140":0.05425819677665194,"141":0.05338327634430887,"142":0.05183968009451277,"143":0.053876987196016655,"144":0.056380860266355894,"145":0.05203718046081568,"146":0.05255480210008423,"147":0.054149003741493396,"148":0.0530148652989394,"149":0.052794813062688024,"150":0.05815808203016819,"151":0.05671555630775695,"152":0.05511468792756576,"153":0.05379287017764464,"154":0.05721133169602485,"155":0.05650029933961668,"156":0.05341717278439762,"157":0.05394439179274156,"158":0.05760406441307373,"159":0.06625067211371377,"160":0.07712871111472931,"161":0.05526778585992233,"162":0.05471220985792502,"163":0.05664893208952188,"164":0.05574679074589364,"165":0.05337606770909566,"166":0.05533489265786574,"167":0.0553377246331727,"168":0.054529782307207064,"169":0.054906926051478226,"170":0.0567320577980746,"171":0.055513100549117726,"172":0.05376255079090114,"173":0.05411566328296135,"174":0.05498740733909583,"175":0.05662420383242846,"176":0.05483163797148183,"177":0.05413167630335525,"178":0.052196852774669414,"179":0.05188188137878956,"180":0.05377105679689899,"181":0.05479842538047849,"182":0.05600117170437871,"183":0.05618416260166552,"184":0.058071365298400054,"185":0.054489358958515366,"186":0.05570588228472626,"187":0.058914250798589606,"188":0.05434669656344952,"189":0.06491155795292938,"190":0.07082900548019494,"191":0.06823506716721726,"192":0.0668979836676259,"193":0.060636283828880734,"194":0.06734843885612476,"195":0.06626486607062906,"196":0.0544926446016105,"197":0.053448233795621074,"198":0.054603838479843764,"199":0.05393377594374266,"200":0.0612248501513216,"201":0.05193043667578214,"202":0.051649533927505764,"203":0.05419906763911931,"204":0.05343087298130875,"205":0.05277268075771371,"206":0.05353127859667238,"207":0.05888111739427673,"208":0.05986390744870087,"209":0.05405432243877017,"210":0.05618598877642525,"211":0.055555076486100106,"212":0.05343023093555331,"213":0.05667928612510518,"214":0.05519317796731552,"215":0.05809053512957443,"216":0.053578063504444655,"217":0.053644533147555,"218":0.05404679775683596,"219":0.056258794046835876,"220":0.057330887133245176,"221":0.06163563332275264,"222":0.057314957365548404,"223":0.06043539890339889,"224":0.05977259996882177,"225":0.057270157758283716,"226":0.0553716285906219,"227":0.05432063433742492,"228":0.052349424949730196,"229":0.05449119188735495,"230":0.052328941821403886,"231":0.055923294298329713,"232":0.05793803341379523,"233":0.054341398119156635,"234":0.05623649105941797,"235":0.055903651859751685,"236":0.051814938961608326,"237":0.05435084198968309,"238":0.056289198256368,"239":0.05861573260746842,"240":0.058286114709543035,"241":0.05479556968656817,"242":0.05277197272700096,"243":0.05460750918178387,"244":0.0545452977272695,"245":0.05767043657258631,"246":0.0540489899465603,"247":0.058287686187676,"248":0.05640171227420405,"249":0.08343040732608263,"250":0.056107491115364644,"251":0.05716120621271977,"252":0.05594379298633373,"253":0.05923168485968107,"254":0.06166525355713606,"255":0.0954328781909533}