{"0":0.8560957492786337,"1":0.32515247378481343,"2":0.24535081984729534,"3":0.24104277808905955,"4":0.23977947283975415,"5":0.21767893935558597,"6":0.22992407128771433,"7":0.21758621403224715,"8":0.23974810863326976,"9":0.20904737454441663,"10":0.21653571586675713,"11":0.19987522740052663,"12":0.21914563538767173,"13":0.20395297162810455,"14":0.19914097637441858,"15":0.20425235413465903,"16":0.23040121105247213,"17":0.21292703001693136,"18":0.20854241578436217,"19":0.19852220654350033,"20":0.22547182910807362,"21":0.2139606746781847,"22":0.19765695706046815,"23":0.19630891189555205,"24":0.22690972114456598,"25":0.21029920328893795,"26":0.1989321021775484,"27":0.2234866545853927,"28":0.20294354017063743,"29":0.19817931781569062,"30":0.19906389608363056,"31":0.20483892506439388,"32":0.2401915569963358,"33":0.20465188956670466,"34":0.20120231223369306,"35":0.20751954206387868,"36":0.21554100345085464,"37":0.19963679638157877,"38":0.1948442216409807,"39":0.19929952212478622,"40":0.2084735157422421,"41":0.19594070414873496,"42":0.20558544852767202,"43":0.2023150619404258,"44":0.20167845637133125,"45":0.20725559434303464,"46":0.1960673817380709,"47":0.19607534768380447,"48":0.21802462477786974,"49":0.21032733311108667,"50":0.20811708373773777,"51":0.2015663200908313,"52":0.1981537769558583,"53":0.20009356427708413,"54":0.22064308941933553,"55":0.2049814661635443,"56":0.20373205787763926,"57":0.19373427766799273,"58":0.1908144650616502,"59":0.19807931732487236,"60":0.1983528859386409,"61":0.201722172895409,"62":0.19754721050057467,"63":0.21472683717429722,"64":0.25270241053423137,"65":0.20642727121687182,"66":0.19770513842017193,"67":0.18942260890953352,"68":0.1974213589789486,"69":0.19934936506298742,"70":0.20757848553197358,"71":0.19832660383301928,"72":0.20487514024145048,"73":0.20521436079789762,"74":0.1981659033524254,"75":0.19887663934971925,"76":0.1957813585716635,"77":0.20055488592330328,"78":0.19276863439953934,"79":0.20411791118529196,"80":0.1992350353322699,"81":0.20588650734900818,"82":0.19785580125738017,"83":0.19946447722097246,"84":0.20327162489471698,"85":0.22172573681663965,"86":0.20886914061543774,"87":0.2059715316960103,"88":0.2063881106063318,"89":0.19867202225199487,"90":0.20513399978839927,"91":0.2125972739352417,"92":0.19317277105268757,"93":0.2037370929501293,"94":0.19740116684722034,"95":0.21049854182034383,"96":0.21538563503098437,"97":0.20595546769758483,"98":0.204810873170139,"99":0.21330869495636176,"100":0.21765055294645028,"101":0.21002312180168015,"102":0.20558635825069774,"103":0.1988723024615527,"104":0.19969792815680765,"105":0.20692249840840798,"106":0.20655144761166014,"107":0.2050743400804558,"108":0.21191114230210867,"109":0.27255206449438785,"110":0.21355985604810837,"111":0.2312346008400831,"112":0.20463464945622187,"113":0.20166605518407973,"114":0.20164368402191357,"115":0.20419210376148142,"116":0.1944266175793826,"117":0.2003282747785691,"118":0.20192365137489812,"119":0.20744961420882554,"120":0.20519102768822575,"121":0.19586746437949046,"122":0.1944432569840744,"123":0.2091248968904281,"124":0.19690122870137067,"125":0.20324683536789898,"126":0.20126713594779524,"127":0.254319159050589,"128":0.2391822732537449,"129":0.20642626714842408,"130":0.20683861291351385,"131":0.20057708107533673,"132":0.1966132758448381,"133":0.20139962512381496,"134":0.19863179466108188,"135":0.18848398929777732,"136":0.20614226603793231,"137":0.193736252672559,"138":0.2075442920650927,"139":0.1905851661958829,"140":0.2139008024422724,"141":0.21980250811929936,"142":0.1972508294451703,"143":0.19480032451312304,"144":0.19687335827841,"145":0.19960981642871434,"146":0.20496010282944727,"147":0.19886122248628194,"148":0.18883482342377442,"149":0.1979951196115319,"150":0.209667913598228,"151":0.19435147965987898,"152":0.19291750372116606,"153":0.19772360434261518,"154":0.19611170042470796,"155":0.20471496629274666,"156":0.19514208227704993,"157":0.18681051283221553,"158":0.1963459333241537,"159":0.20766133391739766,"160":0.20267314538123465,"161":0.18711948234145828,"162":0.19458329759614226,"163":0.19481401247586735,"164":0.19205379005198372,"165":0.1970072674658861,"166":0.19934625587388952,"167":0.19256201884148216,"168":0.19717027762763445,"169":0.2021552843053408,"170":0.2179382313852898,"171":0.21131343462850674,"172":0.1981705229345067,"173":0.2115619913107839,"174":0.20606941593901407,"175":0.20676210745756216,"176":0.19738943847325566,"177":0.20434178593334626,"178":0.19772741211081862,"179":0.19541106173640657,"180":0.1998511322896741,"181":0.20917471865642942,"182":0.2497945934115701,"183":0.22896769078587872,"184":0.19519487220201376,"185":0.1991270209768622,"186":0.20620112511663177,"187":0.20829623307961348,"188":0.19863029172713575,"189":0.20710030612408584,"190":0.20313576907624925,"191":0.2380958230494229,"192":0.2142938659156058,"193":0.20333775375957105,"194":0.1999781347526833,"195":0.193441190855968,"196":0.19941085466704345,"197":0.19808255998833202,"198":0.22661803309745557,"199":0.19490561694344588,"200":0.1910045025036342,"201":0.20076747215546845,"202":0.18906137045261168,"203":0.20577582580436915,"204":0.19729048539934704,"205":0.19959555427796946,"206":0.18947326409449478,"207":0.19950503435757636,"208":0.19204176828495653,"209":0.18387734729951383,"210":0.19262666067786954,"211":0.19638264998877475,"212":0.19559968837913064,"213":0.20638902015365115,"214":0.20349778984402753,"215":0.2008614933433081,"216":0.20129357860703015,"217":0.19882583043620974,"218":0.20446785853519858,"219":0.2690872455171503,"220":0.2002516930155366,"221":0.20569571004313864,"222":0.20764311887155257,"223":0.23521436656220152,"224":0.20536531342586764,"225":0.19834501830639778,"226":0.19800387984735876,"227":0.21431252119344069,"228":0.1927604495332332,"229":0.195230974581896,"230":0.1954440352293002,"231":0.19655409212529962,"232":0.1818075631231412,"233":0.19122822496508884,"234":0.19995741577363632,"235":0.2104243780110164,"236":0.19527554487026566,"237":0.20731458761011382,"238":0.20118701497702257,"239":0.22303136591871772,"240":0.21009929599909735,"241":0.21656731912987112,"242":0.19501534170414103,"243":0.19965021284882925,"244":0.19447530379036754,"245":0.20523400012416093,"246":0.20533989899515412,"247":0.21715957669852975,"248":0.2289827772404695,"249":0.19874761346654723,"250":0.20902318621718421,"251":0.21956565734914718,"252":0.23789190617756498,"253":0.22117923586642108,"254":0.2592375447016539,"255":0.4090704932118739}