{"0":0.004465180195378407,"1":0.023332208574849765,"2":0.01667368699555726,"3":0.028516049900949768,"4":0.020029413203463117,"5":0.01893873863458435,"6":0.014152041765881541,"7":0.03436290154489673,"8":0.020120007523131457,"9":0.01830499564153567,"10":0.03603732678181679,"11":0.02221143547479763,"12":0.025132407086394172,"13":0.018498664623610692,"14":0.025339725990397598,"15":0.03501250501055741,"16":0.03076882149445564,"17":0.023063247968564776,"18":0.033472071270445616,"19":0.01576412828444585,"20":0.03301432630452844,"21":0.04153992469454002,"22":0.02713682778268504,"23":0.02140738064014942,"24":0.03391047861198564,"25":0.036311278129053964,"26":0.023240399108828552,"27":0.017507245267670266,"28":0.02911157926027833,"29":0.027801439970209167,"30":0.03973644455319403,"31":0.037923556568085735,"32":0.024146537740193038,"33":0.028747896959822664,"34":0.033890887668584876,"35":0.02494892857668246,"36":0.04196506977588846,"37":0.03705386852595379,"38":0.025755173841251925,"39":0.031578986992399916,"40":0.035742279131287226,"41":0.027675968340582904,"42":0.02623606446328401,"43":0.03784772674206836,"44":0.030699283229544513,"45":0.029541969128965836,"46":0.037376507448489506,"47":0.031325430432843096,"48":0.0276324701733039,"49":0.024356044200486156,"50":0.0361950254077897,"51":0.030955592229441914,"52":0.0227838521912575,"53":0.03305010961186677,"54":0.012459937027173894,"55":0.021832179908506368,"56":0.024608893748011937,"57":0.037355990244669485,"58":0.025659406591797707,"59":0.03727279079558622,"60":0.028111928557809127,"61":0.03809380387945713,"62":0.041096107365649906,"63":0.038348191203509636,"64":0.01705886473623834,"65":0.02631418861659533,"66":0.028441100192796165,"67":0.024556969740124366,"68":0.03514940900811614,"69":0.036940641486076564,"70":0.02864782917209879,"71":0.03291927964315439,"72":0.027656736873348225,"73":0.041072747079575415,"74":0.03239056428778562,"75":0.03616986231074216,"76":0.028694211947185834,"77":0.03944832377844014,"78":0.03312510033307891,"79":0.04045761390554263,"80":0.025514911817359574,"81":0.04132513086036347,"82":0.0291284220069385,"83":0.0239818640136379,"84":0.021059967636661948,"85":0.019874066970530905,"86":0.0313543809392997,"87":0.04305583511039949,"88":0.0368557254051019,"89":0.02498248211452862,"90":0.04189313074305095,"91":0.02695963527750694,"92":0.030726146301430547,"93":0.025700327193092756,"94":0.03569150302322293,"95":0.03714284942620798,"96":0.020281441560942734,"97":0.026030437183205024,"98":0.0307396195749932,"99":0.04325034939842149,"100":0.036007514947628154,"101":0.020282058313062148,"102":0.019028511196587234,"103":0.02919111757036145,"104":0.02767472628606714,"105":0.03445900306144778,"106":0.032034752318525574,"107":0.04047763627848279,"108":0.016301236171173312,"109":0.012611302262296552,"110":0.03189459243575698,"111":0.014153959994848808,"112":0.02269322420884956,"113":0.029178680801376335,"114":0.03923237822104289,"115":0.042569368188819366,"116":0.02353660832955512,"117":0.026298436251853363,"118":0.03097283538104332,"119":0.04083983570240755,"120":0.031112907431363655,"121":0.03214169485518297,"122":0.03521507802926082,"123":0.018736447091546832,"124":0.033348174650439814,"125":0.03256321628184653,"126":0.033697651151924475,"127":0.011791682870723838,"128":0.016080583243336822,"129":0.030464237492793846,"130":0.028650074397916975,"131":0.028233177001238594,"132":0.02050600944061492,"133":0.03635705716242784,"134":0.027588423148453826,"135":0.024666291306849317,"136":0.028419027240637596,"137":0.025569851316329162,"138":0.03793442456513279,"139":0.030848841224960434,"140":0.030346738630514722,"141":0.021226025357785675,"142":0.02260590291544136,"143":0.03135570093319883,"144":0.02519148071249675,"145":0.03503223085932744,"146":0.027493924382566506,"147":0.040800176751053255,"148":0.021273289958601182,"149":0.029313284694921508,"150":0.02175687251671647,"151":0.022062896788927967,"152":0.02293612142132966,"153":0.019709534204105875,"154":0.02985671708541711,"155":0.014659021597875207,"156":0.03093147317143017,"157":0.03882515443023647,"158":0.03563892453980932,"159":0.04058334318422085,"160":0.031348677758953856,"161":0.02646357725975494,"162":0.033905730192739895,"163":0.0318003097421195,"164":0.027655118966023438,"165":0.04645748912551167,"166":0.026303182258374115,"167":0.03715455257701442,"168":0.03480453337194519,"169":0.03563467903647281,"170":0.01658380930292579,"171":0.022783615007232645,"172":0.0364927247155198,"173":0.029345257494182004,"174":0.022720150026309723,"175":0.0433243235868604,"176":0.023800934038251263,"177":0.028427230611731916,"178":0.016951776445748547,"179":0.02219721967648499,"180":0.042194535222187454,"181":0.03179278947868776,"182":0.012456585795385994,"183":0.019751046754293414,"184":0.026980066764323234,"185":0.029068975792565035,"186":0.01950269857946382,"187":0.028713319836066356,"188":0.030346928235921358,"189":0.0178649430081897,"190":0.0328105323822763,"191":0.01406708898529117,"192":0.022793205812720544,"193":0.028737982334707108,"194":0.023313257987778828,"195":0.034179737724528675,"196":0.030565206846146283,"197":0.02956177332161586,"198":0.021454671911368836,"199":0.024317633088428492,"200":0.02937977194889724,"201":0.02341364116629741,"202":0.032058292990072394,"203":0.019557760416307853,"204":0.02563788941944345,"205":0.02491138097776149,"206":0.043391353745805876,"207":0.03596194298488941,"208":0.025572471333101726,"209":0.025754075564086234,"210":0.03855964352234658,"211":0.033680831571809275,"212":0.02924087662214666,"213":0.01868961259013469,"214":0.030895160775591377,"215":0.025059302867864616,"216":0.03217079729095717,"217":0.013359351648333843,"218":0.03239218151762882,"219":0.009955637567032336,"220":0.03889932876637526,"221":0.03769396489693007,"222":0.020934869716263144,"223":0.01197086698849291,"224":0.029887510933928024,"225":0.031383639949922604,"226":0.03608741792668047,"227":0.021406408716826975,"228":0.04166545454780586,"229":0.02179511115119091,"230":0.028331442760399245,"231":0.04188709327220773,"232":0.024848570448957268,"233":0.034071877106768296,"234":0.04013245624668741,"235":0.027639048992707933,"236":0.02440334482472834,"237":0.02479307416621449,"238":0.033673749985287015,"239":0.012228341706970116,"240":0.032910302997200214,"241":0.02496971160633849,"242":0.024301409704016275,"243":0.037115923762347035,"244":0.037748286634317535,"245":0.0299888404084843,"246":0.02327362932941303,"247":0.012448180041292639,"248":0.024147919745250507,"249":0.028182459071220658,"250":0.031328150203588,"251":0.01733845035706741,"252":0.01944027930856688,"253":0.015707895123587005,"254":0.012183896267636033,"255":0.018401153982439005}